ISO-10303-21;
HEADER;
/* Generated by software containing ST-Developer
 * from STEP Tools, Inc. (www.steptools.com) 
 */

FILE_DESCRIPTION(
/* description */ (''),
/* implementation_level */ '2;1');

FILE_NAME(
/* name */ 'tty-buddy-assembly.step',
/* time_stamp */ '2026-09-05T19:10:46+02:00',
/* author */ (''),
/* organization */ (''),
/* preprocessor_version */ 'ST-DEVELOPER v20.1',
/* originating_system */ 'Autodesk Translation Framework v15.8.0.0',
/* authorisation */ '');

FILE_SCHEMA (('AUTOMOTIVE_DESIGN { 1 0 10303 214 3 1 1 }'));
ENDSEC;

DATA;
#10=MECHANICAL_DESIGN_GEOMETRIC_PRESENTATION_REPRESENTATION('',(#13,#14),
#2439);
#11=SHAPE_REPRESENTATION_RELATIONSHIP('SRR','None',#2446,#12);
#12=ADVANCED_BREP_SHAPE_REPRESENTATION('',(#15,#16),#2438);
#13=STYLED_ITEM('',(#2455),#15);
#14=STYLED_ITEM('',(#2455),#16);
#15=MANIFOLD_SOLID_BREP('body',#1498);
#16=MANIFOLD_SOLID_BREP('lid',#1499);
#17=LINE('',#2028,#188);
#18=LINE('',#2031,#189);
#19=LINE('',#2041,#190);
#20=LINE('',#2044,#191);
#21=LINE('',#2054,#192);
#22=LINE('',#2057,#193);
#23=LINE('',#2067,#194);
#24=LINE('',#2070,#195);
#25=LINE('',#2075,#196);
#26=LINE('',#2077,#197);
#27=LINE('',#2079,#198);
#28=LINE('',#2080,#199);
#29=LINE('',#2083,#200);
#30=LINE('',#2085,#201);
#31=LINE('',#2086,#202);
#32=LINE('',#2089,#203);
#33=LINE('',#2091,#204);
#34=LINE('',#2092,#205);
#35=LINE('',#2094,#206);
#36=LINE('',#2097,#207);
#37=LINE('',#2099,#208);
#38=LINE('',#2101,#209);
#39=LINE('',#2103,#210);
#40=LINE('',#2105,#211);
#41=LINE('',#2107,#212);
#42=LINE('',#2109,#213);
#43=LINE('',#2111,#214);
#44=LINE('',#2113,#215);
#45=LINE('',#2115,#216);
#46=LINE('',#2117,#217);
#47=LINE('',#2119,#218);
#48=LINE('',#2121,#219);
#49=LINE('',#2123,#220);
#50=LINE('',#2125,#221);
#51=LINE('',#2127,#222);
#52=LINE('',#2129,#223);
#53=LINE('',#2131,#224);
#54=LINE('',#2133,#225);
#55=LINE('',#2135,#226);
#56=LINE('',#2137,#227);
#57=LINE('',#2139,#228);
#58=LINE('',#2141,#229);
#59=LINE('',#2143,#230);
#60=LINE('',#2145,#231);
#61=LINE('',#2147,#232);
#62=LINE('',#2149,#233);
#63=LINE('',#2151,#234);
#64=LINE('',#2152,#235);
#65=LINE('',#2155,#236);
#66=LINE('',#2157,#237);
#67=LINE('',#2159,#238);
#68=LINE('',#2161,#239);
#69=LINE('',#2163,#240);
#70=LINE('',#2164,#241);
#71=LINE('',#2168,#242);
#72=LINE('',#2170,#243);
#73=LINE('',#2172,#244);
#74=LINE('',#2173,#245);
#75=LINE('',#2178,#246);
#76=LINE('',#2182,#247);
#77=LINE('',#2184,#248);
#78=LINE('',#2185,#249);
#79=LINE('',#2193,#250);
#80=LINE('',#2197,#251);
#81=LINE('',#2199,#252);
#82=LINE('',#2200,#253);
#83=LINE('',#2202,#254);
#84=LINE('',#2204,#255);
#85=LINE('',#2205,#256);
#86=LINE('',#2207,#257);
#87=LINE('',#2209,#258);
#88=LINE('',#2210,#259);
#89=LINE('',#2213,#260);
#90=LINE('',#2215,#261);
#91=LINE('',#2216,#262);
#92=LINE('',#2218,#263);
#93=LINE('',#2219,#264);
#94=LINE('',#2222,#265);
#95=LINE('',#2224,#266);
#96=LINE('',#2225,#267);
#97=LINE('',#2227,#268);
#98=LINE('',#2229,#269);
#99=LINE('',#2230,#270);
#100=LINE('',#2232,#271);
#101=LINE('',#2233,#272);
#102=LINE('',#2236,#273);
#103=LINE('',#2237,#274);
#104=LINE('',#2239,#275);
#105=LINE('',#2240,#276);
#106=LINE('',#2244,#277);
#107=LINE('',#2246,#278);
#108=LINE('',#2248,#279);
#109=LINE('',#2249,#280);
#110=LINE('',#2252,#281);
#111=LINE('',#2254,#282);
#112=LINE('',#2255,#283);
#113=LINE('',#2257,#284);
#114=LINE('',#2259,#285);
#115=LINE('',#2263,#286);
#116=LINE('',#2264,#287);
#117=LINE('',#2267,#288);
#118=LINE('',#2268,#289);
#119=LINE('',#2270,#290);
#120=LINE('',#2274,#291);
#121=LINE('',#2275,#292);
#122=LINE('',#2278,#293);
#123=LINE('',#2279,#294);
#124=LINE('',#2281,#295);
#125=LINE('',#2285,#296);
#126=LINE('',#2287,#297);
#127=LINE('',#2288,#298);
#128=LINE('',#2291,#299);
#129=LINE('',#2292,#300);
#130=LINE('',#2295,#301);
#131=LINE('',#2296,#302);
#132=LINE('',#2299,#303);
#133=LINE('',#2300,#304);
#134=LINE('',#2303,#305);
#135=LINE('',#2304,#306);
#136=LINE('',#2306,#307);
#137=LINE('',#2310,#308);
#138=LINE('',#2311,#309);
#139=LINE('',#2314,#310);
#140=LINE('',#2315,#311);
#141=LINE('',#2317,#312);
#142=LINE('',#2321,#313);
#143=LINE('',#2322,#314);
#144=LINE('',#2325,#315);
#145=LINE('',#2326,#316);
#146=LINE('',#2328,#317);
#147=LINE('',#2332,#318);
#148=LINE('',#2334,#319);
#149=LINE('',#2335,#320);
#150=LINE('',#2337,#321);
#151=LINE('',#2339,#322);
#152=LINE('',#2343,#323);
#153=LINE('',#2345,#324);
#154=LINE('',#2346,#325);
#155=LINE('',#2349,#326);
#156=LINE('',#2350,#327);
#157=LINE('',#2353,#328);
#158=LINE('',#2354,#329);
#159=LINE('',#2356,#330);
#160=LINE('',#2362,#331);
#161=LINE('',#2369,#332);
#162=LINE('',#2376,#333);
#163=LINE('',#2383,#334);
#164=LINE('',#2389,#335);
#165=LINE('',#2391,#336);
#166=LINE('',#2393,#337);
#167=LINE('',#2394,#338);
#168=LINE('',#2397,#339);
#169=LINE('',#2399,#340);
#170=LINE('',#2400,#341);
#171=LINE('',#2403,#342);
#172=LINE('',#2405,#343);
#173=LINE('',#2406,#344);
#174=LINE('',#2408,#345);
#175=LINE('',#2409,#346);
#176=LINE('',#2413,#347);
#177=LINE('',#2415,#348);
#178=LINE('',#2417,#349);
#179=LINE('',#2418,#350);
#180=LINE('',#2421,#351);
#181=LINE('',#2423,#352);
#182=LINE('',#2424,#353);
#183=LINE('',#2427,#354);
#184=LINE('',#2429,#355);
#185=LINE('',#2430,#356);
#186=LINE('',#2432,#357);
#187=LINE('',#2433,#358);
#188=VECTOR('',#1636,2.15);
#189=VECTOR('',#1639,1.25);
#190=VECTOR('',#1652,2.15);
#191=VECTOR('',#1655,1.25);
#192=VECTOR('',#1668,2.15);
#193=VECTOR('',#1671,1.25);
#194=VECTOR('',#1684,2.15);
#195=VECTOR('',#1687,1.25);
#196=VECTOR('',#1692,10.);
#197=VECTOR('',#1693,10.);
#198=VECTOR('',#1694,10.);
#199=VECTOR('',#1695,10.);
#200=VECTOR('',#1698,10.);
#201=VECTOR('',#1699,10.);
#202=VECTOR('',#1700,10.);
#203=VECTOR('',#1703,10.);
#204=VECTOR('',#1704,10.);
#205=VECTOR('',#1705,10.);
#206=VECTOR('',#1708,10.);
#207=VECTOR('',#1711,10.);
#208=VECTOR('',#1712,10.);
#209=VECTOR('',#1713,10.);
#210=VECTOR('',#1714,10.);
#211=VECTOR('',#1715,10.);
#212=VECTOR('',#1716,10.);
#213=VECTOR('',#1717,10.);
#214=VECTOR('',#1718,10.);
#215=VECTOR('',#1719,10.);
#216=VECTOR('',#1720,10.);
#217=VECTOR('',#1721,10.);
#218=VECTOR('',#1722,10.);
#219=VECTOR('',#1723,10.);
#220=VECTOR('',#1724,10.);
#221=VECTOR('',#1725,10.);
#222=VECTOR('',#1726,10.);
#223=VECTOR('',#1727,10.);
#224=VECTOR('',#1728,10.);
#225=VECTOR('',#1729,10.);
#226=VECTOR('',#1730,10.);
#227=VECTOR('',#1731,10.);
#228=VECTOR('',#1732,10.);
#229=VECTOR('',#1733,10.);
#230=VECTOR('',#1734,10.);
#231=VECTOR('',#1735,10.);
#232=VECTOR('',#1736,10.);
#233=VECTOR('',#1737,10.);
#234=VECTOR('',#1738,10.);
#235=VECTOR('',#1739,10.);
#236=VECTOR('',#1740,10.);
#237=VECTOR('',#1741,10.);
#238=VECTOR('',#1742,10.);
#239=VECTOR('',#1743,10.);
#240=VECTOR('',#1744,10.);
#241=VECTOR('',#1745,10.);
#242=VECTOR('',#1748,10.);
#243=VECTOR('',#1749,10.);
#244=VECTOR('',#1750,10.);
#245=VECTOR('',#1751,10.);
#246=VECTOR('',#1756,10.);
#247=VECTOR('',#1761,10.);
#248=VECTOR('',#1762,10.);
#249=VECTOR('',#1763,10.);
#250=VECTOR('',#1774,1.875);
#251=VECTOR('',#1779,10.);
#252=VECTOR('',#1780,10.);
#253=VECTOR('',#1781,10.);
#254=VECTOR('',#1782,10.);
#255=VECTOR('',#1783,10.);
#256=VECTOR('',#1784,10.);
#257=VECTOR('',#1785,10.);
#258=VECTOR('',#1786,10.);
#259=VECTOR('',#1787,10.);
#260=VECTOR('',#1790,10.);
#261=VECTOR('',#1791,10.);
#262=VECTOR('',#1792,10.);
#263=VECTOR('',#1793,10.);
#264=VECTOR('',#1794,10.);
#265=VECTOR('',#1797,10.);
#266=VECTOR('',#1798,10.);
#267=VECTOR('',#1799,10.);
#268=VECTOR('',#1800,10.);
#269=VECTOR('',#1801,10.);
#270=VECTOR('',#1802,10.);
#271=VECTOR('',#1803,10.);
#272=VECTOR('',#1804,10.);
#273=VECTOR('',#1807,10.);
#274=VECTOR('',#1808,10.);
#275=VECTOR('',#1809,10.);
#276=VECTOR('',#1810,10.);
#277=VECTOR('',#1813,10.);
#278=VECTOR('',#1814,10.);
#279=VECTOR('',#1815,10.);
#280=VECTOR('',#1816,10.);
#281=VECTOR('',#1819,10.);
#282=VECTOR('',#1820,10.);
#283=VECTOR('',#1821,10.);
#284=VECTOR('',#1824,10.);
#285=VECTOR('',#1827,10.);
#286=VECTOR('',#1832,10.);
#287=VECTOR('',#1833,10.);
#288=VECTOR('',#1836,10.);
#289=VECTOR('',#1837,10.);
#290=VECTOR('',#1840,10.);
#291=VECTOR('',#1845,10.);
#292=VECTOR('',#1846,10.);
#293=VECTOR('',#1849,10.);
#294=VECTOR('',#1850,10.);
#295=VECTOR('',#1853,10.);
#296=VECTOR('',#1858,10.);
#297=VECTOR('',#1859,10.);
#298=VECTOR('',#1860,10.);
#299=VECTOR('',#1863,10.);
#300=VECTOR('',#1864,10.);
#301=VECTOR('',#1867,10.);
#302=VECTOR('',#1868,10.);
#303=VECTOR('',#1871,10.);
#304=VECTOR('',#1872,10.);
#305=VECTOR('',#1875,10.);
#306=VECTOR('',#1876,10.);
#307=VECTOR('',#1879,10.);
#308=VECTOR('',#1884,10.);
#309=VECTOR('',#1885,10.);
#310=VECTOR('',#1888,10.);
#311=VECTOR('',#1889,10.);
#312=VECTOR('',#1892,10.);
#313=VECTOR('',#1897,10.);
#314=VECTOR('',#1898,10.);
#315=VECTOR('',#1901,10.);
#316=VECTOR('',#1902,10.);
#317=VECTOR('',#1905,10.);
#318=VECTOR('',#1910,10.);
#319=VECTOR('',#1911,10.);
#320=VECTOR('',#1912,10.);
#321=VECTOR('',#1915,10.);
#322=VECTOR('',#1918,10.);
#323=VECTOR('',#1923,10.);
#324=VECTOR('',#1924,10.);
#325=VECTOR('',#1925,10.);
#326=VECTOR('',#1928,10.);
#327=VECTOR('',#1929,10.);
#328=VECTOR('',#1932,10.);
#329=VECTOR('',#1933,10.);
#330=VECTOR('',#1936,10.);
#331=VECTOR('',#1943,1.25);
#332=VECTOR('',#1952,1.25);
#333=VECTOR('',#1961,1.25);
#334=VECTOR('',#1970,1.25);
#335=VECTOR('',#1977,10.);
#336=VECTOR('',#1978,10.);
#337=VECTOR('',#1979,10.);
#338=VECTOR('',#1980,10.);
#339=VECTOR('',#1983,10.);
#340=VECTOR('',#1984,10.);
#341=VECTOR('',#1985,10.);
#342=VECTOR('',#1988,10.);
#343=VECTOR('',#1989,10.);
#344=VECTOR('',#1990,10.);
#345=VECTOR('',#1993,10.);
#346=VECTOR('',#1994,10.);
#347=VECTOR('',#1997,10.);
#348=VECTOR('',#1998,10.);
#349=VECTOR('',#1999,10.);
#350=VECTOR('',#2000,10.);
#351=VECTOR('',#2003,10.);
#352=VECTOR('',#2004,10.);
#353=VECTOR('',#2005,10.);
#354=VECTOR('',#2008,10.);
#355=VECTOR('',#2009,10.);
#356=VECTOR('',#2010,10.);
#357=VECTOR('',#2013,10.);
#358=VECTOR('',#2014,10.);
#359=CYLINDRICAL_SURFACE('',#1516,2.15);
#360=CYLINDRICAL_SURFACE('',#1518,1.25);
#361=CYLINDRICAL_SURFACE('',#1523,2.15);
#362=CYLINDRICAL_SURFACE('',#1525,1.25);
#363=CYLINDRICAL_SURFACE('',#1530,2.15);
#364=CYLINDRICAL_SURFACE('',#1532,1.25);
#365=CYLINDRICAL_SURFACE('',#1537,2.15);
#366=CYLINDRICAL_SURFACE('',#1539,1.25);
#367=CYLINDRICAL_SURFACE('',#1547,1.8);
#368=CYLINDRICAL_SURFACE('',#1551,1.8);
#369=CYLINDRICAL_SURFACE('',#1554,1.875);
#370=CYLINDRICAL_SURFACE('',#1598,1.25);
#371=CYLINDRICAL_SURFACE('',#1602,1.25);
#372=CYLINDRICAL_SURFACE('',#1606,1.25);
#373=CYLINDRICAL_SURFACE('',#1610,1.25);
#374=FACE_BOUND('',#480,.T.);
#375=FACE_BOUND('',#484,.T.);
#376=FACE_BOUND('',#488,.T.);
#377=FACE_BOUND('',#492,.T.);
#378=FACE_BOUND('',#500,.T.);
#379=FACE_BOUND('',#508,.T.);
#380=FACE_BOUND('',#509,.T.);
#381=FACE_BOUND('',#513,.T.);
#382=FACE_BOUND('',#522,.T.);
#383=FACE_BOUND('',#527,.T.);
#384=FACE_BOUND('',#539,.T.);
#385=FACE_BOUND('',#544,.T.);
#386=FACE_BOUND('',#550,.T.);
#387=FACE_BOUND('',#551,.T.);
#388=FACE_BOUND('',#556,.T.);
#389=FACE_BOUND('',#557,.T.);
#390=FACE_BOUND('',#558,.T.);
#391=FACE_BOUND('',#559,.T.);
#392=FACE_BOUND('',#577,.T.);
#393=FACE_BOUND('',#579,.T.);
#394=FACE_BOUND('',#580,.T.);
#395=FACE_BOUND('',#581,.T.);
#396=FACE_BOUND('',#582,.T.);
#397=FACE_BOUND('',#583,.T.);
#398=FACE_OUTER_BOUND('',#479,.T.);
#399=FACE_OUTER_BOUND('',#481,.T.);
#400=FACE_OUTER_BOUND('',#482,.T.);
#401=FACE_OUTER_BOUND('',#483,.T.);
#402=FACE_OUTER_BOUND('',#485,.T.);
#403=FACE_OUTER_BOUND('',#486,.T.);
#404=FACE_OUTER_BOUND('',#487,.T.);
#405=FACE_OUTER_BOUND('',#489,.T.);
#406=FACE_OUTER_BOUND('',#490,.T.);
#407=FACE_OUTER_BOUND('',#491,.T.);
#408=FACE_OUTER_BOUND('',#493,.T.);
#409=FACE_OUTER_BOUND('',#494,.T.);
#410=FACE_OUTER_BOUND('',#495,.T.);
#411=FACE_OUTER_BOUND('',#496,.T.);
#412=FACE_OUTER_BOUND('',#497,.T.);
#413=FACE_OUTER_BOUND('',#498,.T.);
#414=FACE_OUTER_BOUND('',#499,.T.);
#415=FACE_OUTER_BOUND('',#501,.T.);
#416=FACE_OUTER_BOUND('',#502,.T.);
#417=FACE_OUTER_BOUND('',#503,.T.);
#418=FACE_OUTER_BOUND('',#504,.T.);
#419=FACE_OUTER_BOUND('',#505,.T.);
#420=FACE_OUTER_BOUND('',#506,.T.);
#421=FACE_OUTER_BOUND('',#507,.T.);
#422=FACE_OUTER_BOUND('',#510,.T.);
#423=FACE_OUTER_BOUND('',#511,.T.);
#424=FACE_OUTER_BOUND('',#512,.T.);
#425=FACE_OUTER_BOUND('',#514,.T.);
#426=FACE_OUTER_BOUND('',#515,.T.);
#427=FACE_OUTER_BOUND('',#516,.T.);
#428=FACE_OUTER_BOUND('',#517,.T.);
#429=FACE_OUTER_BOUND('',#518,.T.);
#430=FACE_OUTER_BOUND('',#519,.T.);
#431=FACE_OUTER_BOUND('',#520,.T.);
#432=FACE_OUTER_BOUND('',#521,.T.);
#433=FACE_OUTER_BOUND('',#523,.T.);
#434=FACE_OUTER_BOUND('',#524,.T.);
#435=FACE_OUTER_BOUND('',#525,.T.);
#436=FACE_OUTER_BOUND('',#526,.T.);
#437=FACE_OUTER_BOUND('',#528,.T.);
#438=FACE_OUTER_BOUND('',#529,.T.);
#439=FACE_OUTER_BOUND('',#530,.T.);
#440=FACE_OUTER_BOUND('',#531,.T.);
#441=FACE_OUTER_BOUND('',#532,.T.);
#442=FACE_OUTER_BOUND('',#533,.T.);
#443=FACE_OUTER_BOUND('',#534,.T.);
#444=FACE_OUTER_BOUND('',#535,.T.);
#445=FACE_OUTER_BOUND('',#536,.T.);
#446=FACE_OUTER_BOUND('',#537,.T.);
#447=FACE_OUTER_BOUND('',#538,.T.);
#448=FACE_OUTER_BOUND('',#540,.T.);
#449=FACE_OUTER_BOUND('',#541,.T.);
#450=FACE_OUTER_BOUND('',#542,.T.);
#451=FACE_OUTER_BOUND('',#543,.T.);
#452=FACE_OUTER_BOUND('',#545,.T.);
#453=FACE_OUTER_BOUND('',#546,.T.);
#454=FACE_OUTER_BOUND('',#547,.T.);
#455=FACE_OUTER_BOUND('',#548,.T.);
#456=FACE_OUTER_BOUND('',#549,.T.);
#457=FACE_OUTER_BOUND('',#552,.T.);
#458=FACE_OUTER_BOUND('',#553,.T.);
#459=FACE_OUTER_BOUND('',#554,.T.);
#460=FACE_OUTER_BOUND('',#555,.T.);
#461=FACE_OUTER_BOUND('',#560,.T.);
#462=FACE_OUTER_BOUND('',#561,.T.);
#463=FACE_OUTER_BOUND('',#562,.T.);
#464=FACE_OUTER_BOUND('',#563,.T.);
#465=FACE_OUTER_BOUND('',#564,.T.);
#466=FACE_OUTER_BOUND('',#565,.T.);
#467=FACE_OUTER_BOUND('',#566,.T.);
#468=FACE_OUTER_BOUND('',#567,.T.);
#469=FACE_OUTER_BOUND('',#568,.T.);
#470=FACE_OUTER_BOUND('',#569,.T.);
#471=FACE_OUTER_BOUND('',#570,.T.);
#472=FACE_OUTER_BOUND('',#571,.T.);
#473=FACE_OUTER_BOUND('',#572,.T.);
#474=FACE_OUTER_BOUND('',#573,.T.);
#475=FACE_OUTER_BOUND('',#574,.T.);
#476=FACE_OUTER_BOUND('',#575,.T.);
#477=FACE_OUTER_BOUND('',#576,.T.);
#478=FACE_OUTER_BOUND('',#578,.T.);
#479=EDGE_LOOP('',(#949));
#480=EDGE_LOOP('',(#950));
#481=EDGE_LOOP('',(#951,#952,#953,#954));
#482=EDGE_LOOP('',(#955,#956,#957,#958));
#483=EDGE_LOOP('',(#959));
#484=EDGE_LOOP('',(#960));
#485=EDGE_LOOP('',(#961,#962,#963,#964));
#486=EDGE_LOOP('',(#965,#966,#967,#968));
#487=EDGE_LOOP('',(#969));
#488=EDGE_LOOP('',(#970));
#489=EDGE_LOOP('',(#971,#972,#973,#974));
#490=EDGE_LOOP('',(#975,#976,#977,#978));
#491=EDGE_LOOP('',(#979));
#492=EDGE_LOOP('',(#980));
#493=EDGE_LOOP('',(#981,#982,#983,#984));
#494=EDGE_LOOP('',(#985,#986,#987,#988));
#495=EDGE_LOOP('',(#989,#990,#991,#992));
#496=EDGE_LOOP('',(#993,#994,#995,#996));
#497=EDGE_LOOP('',(#997,#998,#999,#1000));
#498=EDGE_LOOP('',(#1001,#1002,#1003,#1004));
#499=EDGE_LOOP('',(#1005,#1006,#1007,#1008,#1009,#1010,#1011,#1012,#1013,
#1014,#1015,#1016,#1017,#1018,#1019,#1020,#1021,#1022,#1023,#1024,#1025,
#1026,#1027,#1028,#1029,#1030,#1031,#1032,#1033,#1034,#1035,#1036));
#500=EDGE_LOOP('',(#1037,#1038,#1039,#1040,#1041,#1042));
#501=EDGE_LOOP('',(#1043,#1044,#1045,#1046));
#502=EDGE_LOOP('',(#1047,#1048,#1049,#1050));
#503=EDGE_LOOP('',(#1051,#1052,#1053,#1054));
#504=EDGE_LOOP('',(#1055,#1056,#1057,#1058));
#505=EDGE_LOOP('',(#1059,#1060,#1061,#1062));
#506=EDGE_LOOP('',(#1063,#1064,#1065,#1066,#1067,#1068,#1069,#1070,#1071,
#1072,#1073,#1074));
#507=EDGE_LOOP('',(#1075,#1076,#1077,#1078,#1079,#1080,#1081,#1082,#1083,
#1084,#1085,#1086));
#508=EDGE_LOOP('',(#1087,#1088,#1089,#1090));
#509=EDGE_LOOP('',(#1091));
#510=EDGE_LOOP('',(#1092,#1093,#1094,#1095,#1096,#1097,#1098,#1099,#1100,
#1101,#1102,#1103));
#511=EDGE_LOOP('',(#1104,#1105,#1106,#1107,#1108,#1109,#1110,#1111));
#512=EDGE_LOOP('',(#1112,#1113,#1114,#1115));
#513=EDGE_LOOP('',(#1116,#1117,#1118,#1119));
#514=EDGE_LOOP('',(#1120,#1121,#1122,#1123));
#515=EDGE_LOOP('',(#1124,#1125,#1126,#1127));
#516=EDGE_LOOP('',(#1128,#1129,#1130,#1131));
#517=EDGE_LOOP('',(#1132,#1133,#1134,#1135));
#518=EDGE_LOOP('',(#1136,#1137,#1138,#1139));
#519=EDGE_LOOP('',(#1140,#1141,#1142,#1143));
#520=EDGE_LOOP('',(#1144,#1145,#1146,#1147));
#521=EDGE_LOOP('',(#1148,#1149,#1150,#1151));
#522=EDGE_LOOP('',(#1152));
#523=EDGE_LOOP('',(#1153,#1154,#1155,#1156));
#524=EDGE_LOOP('',(#1157,#1158,#1159,#1160));
#525=EDGE_LOOP('',(#1161,#1162,#1163,#1164));
#526=EDGE_LOOP('',(#1165,#1166,#1167,#1168));
#527=EDGE_LOOP('',(#1169));
#528=EDGE_LOOP('',(#1170,#1171,#1172,#1173));
#529=EDGE_LOOP('',(#1174,#1175,#1176,#1177));
#530=EDGE_LOOP('',(#1178,#1179,#1180,#1181));
#531=EDGE_LOOP('',(#1182,#1183,#1184,#1185));
#532=EDGE_LOOP('',(#1186,#1187,#1188,#1189));
#533=EDGE_LOOP('',(#1190,#1191,#1192,#1193));
#534=EDGE_LOOP('',(#1194,#1195,#1196,#1197,#1198,#1199));
#535=EDGE_LOOP('',(#1200,#1201,#1202,#1203));
#536=EDGE_LOOP('',(#1204,#1205,#1206,#1207));
#537=EDGE_LOOP('',(#1208,#1209,#1210,#1211));
#538=EDGE_LOOP('',(#1212,#1213,#1214,#1215));
#539=EDGE_LOOP('',(#1216));
#540=EDGE_LOOP('',(#1217,#1218,#1219,#1220));
#541=EDGE_LOOP('',(#1221,#1222,#1223,#1224));
#542=EDGE_LOOP('',(#1225,#1226,#1227,#1228));
#543=EDGE_LOOP('',(#1229,#1230,#1231,#1232));
#544=EDGE_LOOP('',(#1233));
#545=EDGE_LOOP('',(#1234,#1235,#1236,#1237));
#546=EDGE_LOOP('',(#1238,#1239,#1240,#1241));
#547=EDGE_LOOP('',(#1242,#1243,#1244,#1245));
#548=EDGE_LOOP('',(#1246,#1247,#1248,#1249));
#549=EDGE_LOOP('',(#1250,#1251,#1252,#1253));
#550=EDGE_LOOP('',(#1254,#1255,#1256,#1257));
#551=EDGE_LOOP('',(#1258));
#552=EDGE_LOOP('',(#1259,#1260,#1261,#1262));
#553=EDGE_LOOP('',(#1263,#1264,#1265,#1266));
#554=EDGE_LOOP('',(#1267,#1268,#1269,#1270));
#555=EDGE_LOOP('',(#1271,#1272,#1273,#1274));
#556=EDGE_LOOP('',(#1275));
#557=EDGE_LOOP('',(#1276));
#558=EDGE_LOOP('',(#1277));
#559=EDGE_LOOP('',(#1278));
#560=EDGE_LOOP('',(#1279,#1280,#1281,#1282));
#561=EDGE_LOOP('',(#1283));
#562=EDGE_LOOP('',(#1284,#1285,#1286,#1287));
#563=EDGE_LOOP('',(#1288));
#564=EDGE_LOOP('',(#1289,#1290,#1291,#1292));
#565=EDGE_LOOP('',(#1293));
#566=EDGE_LOOP('',(#1294,#1295,#1296,#1297));
#567=EDGE_LOOP('',(#1298));
#568=EDGE_LOOP('',(#1299,#1300,#1301,#1302));
#569=EDGE_LOOP('',(#1303,#1304,#1305,#1306));
#570=EDGE_LOOP('',(#1307,#1308,#1309,#1310));
#571=EDGE_LOOP('',(#1311,#1312,#1313,#1314));
#572=EDGE_LOOP('',(#1315,#1316,#1317,#1318));
#573=EDGE_LOOP('',(#1319,#1320,#1321,#1322));
#574=EDGE_LOOP('',(#1323,#1324,#1325,#1326));
#575=EDGE_LOOP('',(#1327,#1328,#1329,#1330));
#576=EDGE_LOOP('',(#1331,#1332,#1333,#1334));
#577=EDGE_LOOP('',(#1335,#1336,#1337,#1338));
#578=EDGE_LOOP('',(#1339,#1340,#1341,#1342));
#579=EDGE_LOOP('',(#1343,#1344,#1345,#1346));
#580=EDGE_LOOP('',(#1347));
#581=EDGE_LOOP('',(#1348));
#582=EDGE_LOOP('',(#1349));
#583=EDGE_LOOP('',(#1350));
#584=CIRCLE('',#1514,2.15);
#585=CIRCLE('',#1515,1.25);
#586=CIRCLE('',#1517,2.15);
#587=CIRCLE('',#1519,1.25);
#588=CIRCLE('',#1521,2.15);
#589=CIRCLE('',#1522,1.25);
#590=CIRCLE('',#1524,2.15);
#591=CIRCLE('',#1526,1.25);
#592=CIRCLE('',#1528,2.15);
#593=CIRCLE('',#1529,1.25);
#594=CIRCLE('',#1531,2.15);
#595=CIRCLE('',#1533,1.25);
#596=CIRCLE('',#1535,2.15);
#597=CIRCLE('',#1536,1.25);
#598=CIRCLE('',#1538,2.15);
#599=CIRCLE('',#1540,1.25);
#600=CIRCLE('',#1548,1.8);
#601=CIRCLE('',#1549,1.8);
#602=CIRCLE('',#1552,1.8);
#603=CIRCLE('',#1553,1.8);
#604=CIRCLE('',#1555,1.875);
#605=CIRCLE('',#1556,1.875);
#606=CIRCLE('',#1599,1.25);
#607=CIRCLE('',#1600,1.25);
#608=CIRCLE('',#1603,1.25);
#609=CIRCLE('',#1604,1.25);
#610=CIRCLE('',#1607,1.25);
#611=CIRCLE('',#1608,1.25);
#612=CIRCLE('',#1611,1.25);
#613=CIRCLE('',#1612,1.25);
#614=VERTEX_POINT('',#2021);
#615=VERTEX_POINT('',#2023);
#616=VERTEX_POINT('',#2026);
#617=VERTEX_POINT('',#2030);
#618=VERTEX_POINT('',#2034);
#619=VERTEX_POINT('',#2036);
#620=VERTEX_POINT('',#2039);
#621=VERTEX_POINT('',#2043);
#622=VERTEX_POINT('',#2047);
#623=VERTEX_POINT('',#2049);
#624=VERTEX_POINT('',#2052);
#625=VERTEX_POINT('',#2056);
#626=VERTEX_POINT('',#2060);
#627=VERTEX_POINT('',#2062);
#628=VERTEX_POINT('',#2065);
#629=VERTEX_POINT('',#2069);
#630=VERTEX_POINT('',#2073);
#631=VERTEX_POINT('',#2074);
#632=VERTEX_POINT('',#2076);
#633=VERTEX_POINT('',#2078);
#634=VERTEX_POINT('',#2082);
#635=VERTEX_POINT('',#2084);
#636=VERTEX_POINT('',#2088);
#637=VERTEX_POINT('',#2090);
#638=VERTEX_POINT('',#2096);
#639=VERTEX_POINT('',#2098);
#640=VERTEX_POINT('',#2100);
#641=VERTEX_POINT('',#2102);
#642=VERTEX_POINT('',#2104);
#643=VERTEX_POINT('',#2106);
#644=VERTEX_POINT('',#2108);
#645=VERTEX_POINT('',#2110);
#646=VERTEX_POINT('',#2112);
#647=VERTEX_POINT('',#2114);
#648=VERTEX_POINT('',#2116);
#649=VERTEX_POINT('',#2118);
#650=VERTEX_POINT('',#2120);
#651=VERTEX_POINT('',#2122);
#652=VERTEX_POINT('',#2124);
#653=VERTEX_POINT('',#2126);
#654=VERTEX_POINT('',#2128);
#655=VERTEX_POINT('',#2130);
#656=VERTEX_POINT('',#2132);
#657=VERTEX_POINT('',#2134);
#658=VERTEX_POINT('',#2136);
#659=VERTEX_POINT('',#2138);
#660=VERTEX_POINT('',#2140);
#661=VERTEX_POINT('',#2142);
#662=VERTEX_POINT('',#2144);
#663=VERTEX_POINT('',#2146);
#664=VERTEX_POINT('',#2148);
#665=VERTEX_POINT('',#2150);
#666=VERTEX_POINT('',#2153);
#667=VERTEX_POINT('',#2154);
#668=VERTEX_POINT('',#2156);
#669=VERTEX_POINT('',#2158);
#670=VERTEX_POINT('',#2160);
#671=VERTEX_POINT('',#2162);
#672=VERTEX_POINT('',#2166);
#673=VERTEX_POINT('',#2167);
#674=VERTEX_POINT('',#2169);
#675=VERTEX_POINT('',#2171);
#676=VERTEX_POINT('',#2175);
#677=VERTEX_POINT('',#2177);
#678=VERTEX_POINT('',#2181);
#679=VERTEX_POINT('',#2183);
#680=VERTEX_POINT('',#2190);
#681=VERTEX_POINT('',#2192);
#682=VERTEX_POINT('',#2196);
#683=VERTEX_POINT('',#2198);
#684=VERTEX_POINT('',#2201);
#685=VERTEX_POINT('',#2203);
#686=VERTEX_POINT('',#2206);
#687=VERTEX_POINT('',#2208);
#688=VERTEX_POINT('',#2212);
#689=VERTEX_POINT('',#2214);
#690=VERTEX_POINT('',#2217);
#691=VERTEX_POINT('',#2221);
#692=VERTEX_POINT('',#2223);
#693=VERTEX_POINT('',#2226);
#694=VERTEX_POINT('',#2228);
#695=VERTEX_POINT('',#2231);
#696=VERTEX_POINT('',#2235);
#697=VERTEX_POINT('',#2238);
#698=VERTEX_POINT('',#2242);
#699=VERTEX_POINT('',#2243);
#700=VERTEX_POINT('',#2245);
#701=VERTEX_POINT('',#2247);
#702=VERTEX_POINT('',#2251);
#703=VERTEX_POINT('',#2253);
#704=VERTEX_POINT('',#2262);
#705=VERTEX_POINT('',#2266);
#706=VERTEX_POINT('',#2273);
#707=VERTEX_POINT('',#2277);
#708=VERTEX_POINT('',#2284);
#709=VERTEX_POINT('',#2286);
#710=VERTEX_POINT('',#2290);
#711=VERTEX_POINT('',#2294);
#712=VERTEX_POINT('',#2298);
#713=VERTEX_POINT('',#2302);
#714=VERTEX_POINT('',#2309);
#715=VERTEX_POINT('',#2313);
#716=VERTEX_POINT('',#2320);
#717=VERTEX_POINT('',#2324);
#718=VERTEX_POINT('',#2331);
#719=VERTEX_POINT('',#2333);
#720=VERTEX_POINT('',#2342);
#721=VERTEX_POINT('',#2344);
#722=VERTEX_POINT('',#2348);
#723=VERTEX_POINT('',#2352);
#724=VERTEX_POINT('',#2359);
#725=VERTEX_POINT('',#2361);
#726=VERTEX_POINT('',#2366);
#727=VERTEX_POINT('',#2368);
#728=VERTEX_POINT('',#2373);
#729=VERTEX_POINT('',#2375);
#730=VERTEX_POINT('',#2380);
#731=VERTEX_POINT('',#2382);
#732=VERTEX_POINT('',#2387);
#733=VERTEX_POINT('',#2388);
#734=VERTEX_POINT('',#2390);
#735=VERTEX_POINT('',#2392);
#736=VERTEX_POINT('',#2396);
#737=VERTEX_POINT('',#2398);
#738=VERTEX_POINT('',#2402);
#739=VERTEX_POINT('',#2404);
#740=VERTEX_POINT('',#2411);
#741=VERTEX_POINT('',#2412);
#742=VERTEX_POINT('',#2414);
#743=VERTEX_POINT('',#2416);
#744=VERTEX_POINT('',#2420);
#745=VERTEX_POINT('',#2422);
#746=VERTEX_POINT('',#2426);
#747=VERTEX_POINT('',#2428);
#748=EDGE_CURVE('',#614,#614,#584,.T.);
#749=EDGE_CURVE('',#615,#615,#585,.T.);
#750=EDGE_CURVE('',#616,#616,#586,.T.);
#751=EDGE_CURVE('',#616,#614,#17,.T.);
#752=EDGE_CURVE('',#615,#617,#18,.T.);
#753=EDGE_CURVE('',#617,#617,#587,.T.);
#754=EDGE_CURVE('',#618,#618,#588,.T.);
#755=EDGE_CURVE('',#619,#619,#589,.T.);
#756=EDGE_CURVE('',#620,#620,#590,.T.);
#757=EDGE_CURVE('',#620,#618,#19,.T.);
#758=EDGE_CURVE('',#619,#621,#20,.T.);
#759=EDGE_CURVE('',#621,#621,#591,.T.);
#760=EDGE_CURVE('',#622,#622,#592,.T.);
#761=EDGE_CURVE('',#623,#623,#593,.T.);
#762=EDGE_CURVE('',#624,#624,#594,.T.);
#763=EDGE_CURVE('',#624,#622,#21,.T.);
#764=EDGE_CURVE('',#623,#625,#22,.T.);
#765=EDGE_CURVE('',#625,#625,#595,.T.);
#766=EDGE_CURVE('',#626,#626,#596,.T.);
#767=EDGE_CURVE('',#627,#627,#597,.T.);
#768=EDGE_CURVE('',#628,#628,#598,.T.);
#769=EDGE_CURVE('',#628,#626,#23,.T.);
#770=EDGE_CURVE('',#627,#629,#24,.T.);
#771=EDGE_CURVE('',#629,#629,#599,.T.);
#772=EDGE_CURVE('',#630,#631,#25,.T.);
#773=EDGE_CURVE('',#630,#632,#26,.T.);
#774=EDGE_CURVE('',#632,#633,#27,.T.);
#775=EDGE_CURVE('',#631,#633,#28,.T.);
#776=EDGE_CURVE('',#634,#630,#29,.T.);
#777=EDGE_CURVE('',#634,#635,#30,.T.);
#778=EDGE_CURVE('',#635,#632,#31,.T.);
#779=EDGE_CURVE('',#636,#634,#32,.T.);
#780=EDGE_CURVE('',#636,#637,#33,.T.);
#781=EDGE_CURVE('',#637,#635,#34,.T.);
#782=EDGE_CURVE('',#633,#637,#35,.T.);
#783=EDGE_CURVE('',#631,#638,#36,.T.);
#784=EDGE_CURVE('',#638,#639,#37,.T.);
#785=EDGE_CURVE('',#639,#640,#38,.T.);
#786=EDGE_CURVE('',#640,#641,#39,.T.);
#787=EDGE_CURVE('',#641,#642,#40,.T.);
#788=EDGE_CURVE('',#642,#643,#41,.T.);
#789=EDGE_CURVE('',#643,#644,#42,.T.);
#790=EDGE_CURVE('',#644,#645,#43,.T.);
#791=EDGE_CURVE('',#645,#646,#44,.T.);
#792=EDGE_CURVE('',#646,#647,#45,.T.);
#793=EDGE_CURVE('',#647,#648,#46,.T.);
#794=EDGE_CURVE('',#648,#649,#47,.T.);
#795=EDGE_CURVE('',#649,#650,#48,.T.);
#796=EDGE_CURVE('',#650,#651,#49,.T.);
#797=EDGE_CURVE('',#651,#652,#50,.T.);
#798=EDGE_CURVE('',#652,#653,#51,.T.);
#799=EDGE_CURVE('',#653,#654,#52,.T.);
#800=EDGE_CURVE('',#654,#655,#53,.T.);
#801=EDGE_CURVE('',#655,#656,#54,.T.);
#802=EDGE_CURVE('',#656,#657,#55,.T.);
#803=EDGE_CURVE('',#657,#658,#56,.T.);
#804=EDGE_CURVE('',#658,#659,#57,.T.);
#805=EDGE_CURVE('',#659,#660,#58,.T.);
#806=EDGE_CURVE('',#660,#661,#59,.T.);
#807=EDGE_CURVE('',#661,#662,#60,.T.);
#808=EDGE_CURVE('',#662,#663,#61,.T.);
#809=EDGE_CURVE('',#663,#664,#62,.T.);
#810=EDGE_CURVE('',#664,#665,#63,.T.);
#811=EDGE_CURVE('',#665,#636,#64,.T.);
#812=EDGE_CURVE('',#666,#667,#65,.T.);
#813=EDGE_CURVE('',#667,#668,#66,.T.);
#814=EDGE_CURVE('',#668,#669,#67,.T.);
#815=EDGE_CURVE('',#669,#670,#68,.T.);
#816=EDGE_CURVE('',#670,#671,#69,.T.);
#817=EDGE_CURVE('',#671,#666,#70,.T.);
#818=EDGE_CURVE('',#672,#673,#71,.T.);
#819=EDGE_CURVE('',#672,#674,#72,.T.);
#820=EDGE_CURVE('',#675,#674,#73,.T.);
#821=EDGE_CURVE('',#673,#675,#74,.T.);
#822=EDGE_CURVE('',#676,#672,#600,.T.);
#823=EDGE_CURVE('',#676,#677,#75,.T.);
#824=EDGE_CURVE('',#674,#677,#601,.T.);
#825=EDGE_CURVE('',#678,#676,#76,.T.);
#826=EDGE_CURVE('',#678,#679,#77,.T.);
#827=EDGE_CURVE('',#677,#679,#78,.T.);
#828=EDGE_CURVE('',#673,#678,#602,.T.);
#829=EDGE_CURVE('',#679,#675,#603,.T.);
#830=EDGE_CURVE('',#680,#680,#604,.T.);
#831=EDGE_CURVE('',#680,#681,#79,.T.);
#832=EDGE_CURVE('',#681,#681,#605,.T.);
#833=EDGE_CURVE('',#646,#682,#80,.T.);
#834=EDGE_CURVE('',#683,#682,#81,.T.);
#835=EDGE_CURVE('',#643,#683,#82,.T.);
#836=EDGE_CURVE('',#642,#684,#83,.T.);
#837=EDGE_CURVE('',#685,#684,#84,.T.);
#838=EDGE_CURVE('',#651,#685,#85,.T.);
#839=EDGE_CURVE('',#650,#686,#86,.T.);
#840=EDGE_CURVE('',#687,#686,#87,.T.);
#841=EDGE_CURVE('',#647,#687,#88,.T.);
#842=EDGE_CURVE('',#641,#688,#89,.T.);
#843=EDGE_CURVE('',#689,#688,#90,.T.);
#844=EDGE_CURVE('',#638,#689,#91,.T.);
#845=EDGE_CURVE('',#665,#690,#92,.T.);
#846=EDGE_CURVE('',#684,#690,#93,.T.);
#847=EDGE_CURVE('',#664,#691,#94,.T.);
#848=EDGE_CURVE('',#692,#691,#95,.T.);
#849=EDGE_CURVE('',#661,#692,#96,.T.);
#850=EDGE_CURVE('',#660,#693,#97,.T.);
#851=EDGE_CURVE('',#694,#693,#98,.T.);
#852=EDGE_CURVE('',#657,#694,#99,.T.);
#853=EDGE_CURVE('',#656,#695,#100,.T.);
#854=EDGE_CURVE('',#690,#695,#101,.T.);
#855=EDGE_CURVE('',#652,#696,#102,.T.);
#856=EDGE_CURVE('',#695,#685,#103,.T.);
#857=EDGE_CURVE('',#655,#697,#104,.T.);
#858=EDGE_CURVE('',#696,#697,#105,.T.);
#859=EDGE_CURVE('',#698,#699,#106,.T.);
#860=EDGE_CURVE('',#699,#700,#107,.T.);
#861=EDGE_CURVE('',#700,#701,#108,.T.);
#862=EDGE_CURVE('',#701,#698,#109,.T.);
#863=EDGE_CURVE('',#639,#702,#110,.T.);
#864=EDGE_CURVE('',#703,#702,#111,.T.);
#865=EDGE_CURVE('',#640,#703,#112,.T.);
#866=EDGE_CURVE('',#688,#703,#113,.T.);
#867=EDGE_CURVE('',#702,#689,#114,.T.);
#868=EDGE_CURVE('',#704,#692,#115,.T.);
#869=EDGE_CURVE('',#662,#704,#116,.T.);
#870=EDGE_CURVE('',#705,#704,#117,.T.);
#871=EDGE_CURVE('',#663,#705,#118,.T.);
#872=EDGE_CURVE('',#691,#705,#119,.T.);
#873=EDGE_CURVE('',#706,#687,#120,.T.);
#874=EDGE_CURVE('',#648,#706,#121,.T.);
#875=EDGE_CURVE('',#707,#706,#122,.T.);
#876=EDGE_CURVE('',#649,#707,#123,.T.);
#877=EDGE_CURVE('',#686,#707,#124,.T.);
#878=EDGE_CURVE('',#666,#708,#125,.T.);
#879=EDGE_CURVE('',#709,#708,#126,.T.);
#880=EDGE_CURVE('',#667,#709,#127,.T.);
#881=EDGE_CURVE('',#710,#709,#128,.T.);
#882=EDGE_CURVE('',#668,#710,#129,.T.);
#883=EDGE_CURVE('',#711,#710,#130,.T.);
#884=EDGE_CURVE('',#669,#711,#131,.T.);
#885=EDGE_CURVE('',#712,#711,#132,.T.);
#886=EDGE_CURVE('',#670,#712,#133,.T.);
#887=EDGE_CURVE('',#713,#712,#134,.T.);
#888=EDGE_CURVE('',#671,#713,#135,.T.);
#889=EDGE_CURVE('',#708,#713,#136,.T.);
#890=EDGE_CURVE('',#714,#694,#137,.T.);
#891=EDGE_CURVE('',#658,#714,#138,.T.);
#892=EDGE_CURVE('',#715,#714,#139,.T.);
#893=EDGE_CURVE('',#659,#715,#140,.T.);
#894=EDGE_CURVE('',#693,#715,#141,.T.);
#895=EDGE_CURVE('',#716,#683,#142,.T.);
#896=EDGE_CURVE('',#644,#716,#143,.T.);
#897=EDGE_CURVE('',#717,#716,#144,.T.);
#898=EDGE_CURVE('',#645,#717,#145,.T.);
#899=EDGE_CURVE('',#682,#717,#146,.T.);
#900=EDGE_CURVE('',#653,#718,#147,.T.);
#901=EDGE_CURVE('',#719,#718,#148,.T.);
#902=EDGE_CURVE('',#654,#719,#149,.T.);
#903=EDGE_CURVE('',#697,#719,#150,.T.);
#904=EDGE_CURVE('',#718,#696,#151,.T.);
#905=EDGE_CURVE('',#720,#699,#152,.T.);
#906=EDGE_CURVE('',#721,#720,#153,.T.);
#907=EDGE_CURVE('',#721,#700,#154,.T.);
#908=EDGE_CURVE('',#722,#721,#155,.T.);
#909=EDGE_CURVE('',#722,#701,#156,.T.);
#910=EDGE_CURVE('',#723,#722,#157,.T.);
#911=EDGE_CURVE('',#723,#698,#158,.T.);
#912=EDGE_CURVE('',#720,#723,#159,.T.);
#913=EDGE_CURVE('',#724,#724,#606,.T.);
#914=EDGE_CURVE('',#724,#725,#160,.T.);
#915=EDGE_CURVE('',#725,#725,#607,.T.);
#916=EDGE_CURVE('',#726,#726,#608,.T.);
#917=EDGE_CURVE('',#726,#727,#161,.T.);
#918=EDGE_CURVE('',#727,#727,#609,.T.);
#919=EDGE_CURVE('',#728,#728,#610,.T.);
#920=EDGE_CURVE('',#728,#729,#162,.T.);
#921=EDGE_CURVE('',#729,#729,#611,.T.);
#922=EDGE_CURVE('',#730,#730,#612,.T.);
#923=EDGE_CURVE('',#730,#731,#163,.T.);
#924=EDGE_CURVE('',#731,#731,#613,.T.);
#925=EDGE_CURVE('',#732,#733,#164,.T.);
#926=EDGE_CURVE('',#732,#734,#165,.T.);
#927=EDGE_CURVE('',#735,#734,#166,.T.);
#928=EDGE_CURVE('',#733,#735,#167,.T.);
#929=EDGE_CURVE('',#736,#732,#168,.T.);
#930=EDGE_CURVE('',#736,#737,#169,.T.);
#931=EDGE_CURVE('',#734,#737,#170,.T.);
#932=EDGE_CURVE('',#738,#736,#171,.T.);
#933=EDGE_CURVE('',#738,#739,#172,.T.);
#934=EDGE_CURVE('',#737,#739,#173,.T.);
#935=EDGE_CURVE('',#733,#738,#174,.T.);
#936=EDGE_CURVE('',#739,#735,#175,.T.);
#937=EDGE_CURVE('',#740,#741,#176,.T.);
#938=EDGE_CURVE('',#740,#742,#177,.T.);
#939=EDGE_CURVE('',#743,#742,#178,.T.);
#940=EDGE_CURVE('',#741,#743,#179,.T.);
#941=EDGE_CURVE('',#741,#744,#180,.T.);
#942=EDGE_CURVE('',#745,#743,#181,.T.);
#943=EDGE_CURVE('',#744,#745,#182,.T.);
#944=EDGE_CURVE('',#744,#746,#183,.T.);
#945=EDGE_CURVE('',#747,#745,#184,.T.);
#946=EDGE_CURVE('',#746,#747,#185,.T.);
#947=EDGE_CURVE('',#746,#740,#186,.T.);
#948=EDGE_CURVE('',#742,#747,#187,.T.);
#949=ORIENTED_EDGE('',*,*,#748,.F.);
#950=ORIENTED_EDGE('',*,*,#749,.T.);
#951=ORIENTED_EDGE('',*,*,#750,.F.);
#952=ORIENTED_EDGE('',*,*,#751,.T.);
#953=ORIENTED_EDGE('',*,*,#748,.T.);
#954=ORIENTED_EDGE('',*,*,#751,.F.);
#955=ORIENTED_EDGE('',*,*,#749,.F.);
#956=ORIENTED_EDGE('',*,*,#752,.T.);
#957=ORIENTED_EDGE('',*,*,#753,.F.);
#958=ORIENTED_EDGE('',*,*,#752,.F.);
#959=ORIENTED_EDGE('',*,*,#754,.F.);
#960=ORIENTED_EDGE('',*,*,#755,.T.);
#961=ORIENTED_EDGE('',*,*,#756,.F.);
#962=ORIENTED_EDGE('',*,*,#757,.T.);
#963=ORIENTED_EDGE('',*,*,#754,.T.);
#964=ORIENTED_EDGE('',*,*,#757,.F.);
#965=ORIENTED_EDGE('',*,*,#755,.F.);
#966=ORIENTED_EDGE('',*,*,#758,.T.);
#967=ORIENTED_EDGE('',*,*,#759,.F.);
#968=ORIENTED_EDGE('',*,*,#758,.F.);
#969=ORIENTED_EDGE('',*,*,#760,.F.);
#970=ORIENTED_EDGE('',*,*,#761,.T.);
#971=ORIENTED_EDGE('',*,*,#762,.F.);
#972=ORIENTED_EDGE('',*,*,#763,.T.);
#973=ORIENTED_EDGE('',*,*,#760,.T.);
#974=ORIENTED_EDGE('',*,*,#763,.F.);
#975=ORIENTED_EDGE('',*,*,#761,.F.);
#976=ORIENTED_EDGE('',*,*,#764,.T.);
#977=ORIENTED_EDGE('',*,*,#765,.F.);
#978=ORIENTED_EDGE('',*,*,#764,.F.);
#979=ORIENTED_EDGE('',*,*,#766,.F.);
#980=ORIENTED_EDGE('',*,*,#767,.T.);
#981=ORIENTED_EDGE('',*,*,#768,.F.);
#982=ORIENTED_EDGE('',*,*,#769,.T.);
#983=ORIENTED_EDGE('',*,*,#766,.T.);
#984=ORIENTED_EDGE('',*,*,#769,.F.);
#985=ORIENTED_EDGE('',*,*,#767,.F.);
#986=ORIENTED_EDGE('',*,*,#770,.T.);
#987=ORIENTED_EDGE('',*,*,#771,.F.);
#988=ORIENTED_EDGE('',*,*,#770,.F.);
#989=ORIENTED_EDGE('',*,*,#772,.F.);
#990=ORIENTED_EDGE('',*,*,#773,.T.);
#991=ORIENTED_EDGE('',*,*,#774,.T.);
#992=ORIENTED_EDGE('',*,*,#775,.F.);
#993=ORIENTED_EDGE('',*,*,#776,.F.);
#994=ORIENTED_EDGE('',*,*,#777,.T.);
#995=ORIENTED_EDGE('',*,*,#778,.T.);
#996=ORIENTED_EDGE('',*,*,#773,.F.);
#997=ORIENTED_EDGE('',*,*,#779,.F.);
#998=ORIENTED_EDGE('',*,*,#780,.T.);
#999=ORIENTED_EDGE('',*,*,#781,.T.);
#1000=ORIENTED_EDGE('',*,*,#777,.F.);
#1001=ORIENTED_EDGE('',*,*,#781,.F.);
#1002=ORIENTED_EDGE('',*,*,#782,.F.);
#1003=ORIENTED_EDGE('',*,*,#774,.F.);
#1004=ORIENTED_EDGE('',*,*,#778,.F.);
#1005=ORIENTED_EDGE('',*,*,#779,.T.);
#1006=ORIENTED_EDGE('',*,*,#776,.T.);
#1007=ORIENTED_EDGE('',*,*,#772,.T.);
#1008=ORIENTED_EDGE('',*,*,#783,.T.);
#1009=ORIENTED_EDGE('',*,*,#784,.T.);
#1010=ORIENTED_EDGE('',*,*,#785,.T.);
#1011=ORIENTED_EDGE('',*,*,#786,.T.);
#1012=ORIENTED_EDGE('',*,*,#787,.T.);
#1013=ORIENTED_EDGE('',*,*,#788,.T.);
#1014=ORIENTED_EDGE('',*,*,#789,.T.);
#1015=ORIENTED_EDGE('',*,*,#790,.T.);
#1016=ORIENTED_EDGE('',*,*,#791,.T.);
#1017=ORIENTED_EDGE('',*,*,#792,.T.);
#1018=ORIENTED_EDGE('',*,*,#793,.T.);
#1019=ORIENTED_EDGE('',*,*,#794,.T.);
#1020=ORIENTED_EDGE('',*,*,#795,.T.);
#1021=ORIENTED_EDGE('',*,*,#796,.T.);
#1022=ORIENTED_EDGE('',*,*,#797,.T.);
#1023=ORIENTED_EDGE('',*,*,#798,.T.);
#1024=ORIENTED_EDGE('',*,*,#799,.T.);
#1025=ORIENTED_EDGE('',*,*,#800,.T.);
#1026=ORIENTED_EDGE('',*,*,#801,.T.);
#1027=ORIENTED_EDGE('',*,*,#802,.T.);
#1028=ORIENTED_EDGE('',*,*,#803,.T.);
#1029=ORIENTED_EDGE('',*,*,#804,.T.);
#1030=ORIENTED_EDGE('',*,*,#805,.T.);
#1031=ORIENTED_EDGE('',*,*,#806,.T.);
#1032=ORIENTED_EDGE('',*,*,#807,.T.);
#1033=ORIENTED_EDGE('',*,*,#808,.T.);
#1034=ORIENTED_EDGE('',*,*,#809,.T.);
#1035=ORIENTED_EDGE('',*,*,#810,.T.);
#1036=ORIENTED_EDGE('',*,*,#811,.T.);
#1037=ORIENTED_EDGE('',*,*,#812,.T.);
#1038=ORIENTED_EDGE('',*,*,#813,.T.);
#1039=ORIENTED_EDGE('',*,*,#814,.T.);
#1040=ORIENTED_EDGE('',*,*,#815,.T.);
#1041=ORIENTED_EDGE('',*,*,#816,.T.);
#1042=ORIENTED_EDGE('',*,*,#817,.T.);
#1043=ORIENTED_EDGE('',*,*,#818,.F.);
#1044=ORIENTED_EDGE('',*,*,#819,.T.);
#1045=ORIENTED_EDGE('',*,*,#820,.F.);
#1046=ORIENTED_EDGE('',*,*,#821,.F.);
#1047=ORIENTED_EDGE('',*,*,#822,.F.);
#1048=ORIENTED_EDGE('',*,*,#823,.T.);
#1049=ORIENTED_EDGE('',*,*,#824,.F.);
#1050=ORIENTED_EDGE('',*,*,#819,.F.);
#1051=ORIENTED_EDGE('',*,*,#825,.F.);
#1052=ORIENTED_EDGE('',*,*,#826,.T.);
#1053=ORIENTED_EDGE('',*,*,#827,.F.);
#1054=ORIENTED_EDGE('',*,*,#823,.F.);
#1055=ORIENTED_EDGE('',*,*,#828,.F.);
#1056=ORIENTED_EDGE('',*,*,#821,.T.);
#1057=ORIENTED_EDGE('',*,*,#829,.F.);
#1058=ORIENTED_EDGE('',*,*,#826,.F.);
#1059=ORIENTED_EDGE('',*,*,#830,.F.);
#1060=ORIENTED_EDGE('',*,*,#831,.T.);
#1061=ORIENTED_EDGE('',*,*,#832,.F.);
#1062=ORIENTED_EDGE('',*,*,#831,.F.);
#1063=ORIENTED_EDGE('',*,*,#833,.T.);
#1064=ORIENTED_EDGE('',*,*,#834,.F.);
#1065=ORIENTED_EDGE('',*,*,#835,.F.);
#1066=ORIENTED_EDGE('',*,*,#788,.F.);
#1067=ORIENTED_EDGE('',*,*,#836,.T.);
#1068=ORIENTED_EDGE('',*,*,#837,.F.);
#1069=ORIENTED_EDGE('',*,*,#838,.F.);
#1070=ORIENTED_EDGE('',*,*,#796,.F.);
#1071=ORIENTED_EDGE('',*,*,#839,.T.);
#1072=ORIENTED_EDGE('',*,*,#840,.F.);
#1073=ORIENTED_EDGE('',*,*,#841,.F.);
#1074=ORIENTED_EDGE('',*,*,#792,.F.);
#1075=ORIENTED_EDGE('',*,*,#842,.T.);
#1076=ORIENTED_EDGE('',*,*,#843,.F.);
#1077=ORIENTED_EDGE('',*,*,#844,.F.);
#1078=ORIENTED_EDGE('',*,*,#783,.F.);
#1079=ORIENTED_EDGE('',*,*,#775,.T.);
#1080=ORIENTED_EDGE('',*,*,#782,.T.);
#1081=ORIENTED_EDGE('',*,*,#780,.F.);
#1082=ORIENTED_EDGE('',*,*,#811,.F.);
#1083=ORIENTED_EDGE('',*,*,#845,.T.);
#1084=ORIENTED_EDGE('',*,*,#846,.F.);
#1085=ORIENTED_EDGE('',*,*,#836,.F.);
#1086=ORIENTED_EDGE('',*,*,#787,.F.);
#1087=ORIENTED_EDGE('',*,*,#818,.T.);
#1088=ORIENTED_EDGE('',*,*,#828,.T.);
#1089=ORIENTED_EDGE('',*,*,#825,.T.);
#1090=ORIENTED_EDGE('',*,*,#822,.T.);
#1091=ORIENTED_EDGE('',*,*,#830,.T.);
#1092=ORIENTED_EDGE('',*,*,#847,.T.);
#1093=ORIENTED_EDGE('',*,*,#848,.F.);
#1094=ORIENTED_EDGE('',*,*,#849,.F.);
#1095=ORIENTED_EDGE('',*,*,#806,.F.);
#1096=ORIENTED_EDGE('',*,*,#850,.T.);
#1097=ORIENTED_EDGE('',*,*,#851,.F.);
#1098=ORIENTED_EDGE('',*,*,#852,.F.);
#1099=ORIENTED_EDGE('',*,*,#802,.F.);
#1100=ORIENTED_EDGE('',*,*,#853,.T.);
#1101=ORIENTED_EDGE('',*,*,#854,.F.);
#1102=ORIENTED_EDGE('',*,*,#845,.F.);
#1103=ORIENTED_EDGE('',*,*,#810,.F.);
#1104=ORIENTED_EDGE('',*,*,#855,.F.);
#1105=ORIENTED_EDGE('',*,*,#797,.F.);
#1106=ORIENTED_EDGE('',*,*,#838,.T.);
#1107=ORIENTED_EDGE('',*,*,#856,.F.);
#1108=ORIENTED_EDGE('',*,*,#853,.F.);
#1109=ORIENTED_EDGE('',*,*,#801,.F.);
#1110=ORIENTED_EDGE('',*,*,#857,.T.);
#1111=ORIENTED_EDGE('',*,*,#858,.F.);
#1112=ORIENTED_EDGE('',*,*,#859,.T.);
#1113=ORIENTED_EDGE('',*,*,#860,.T.);
#1114=ORIENTED_EDGE('',*,*,#861,.T.);
#1115=ORIENTED_EDGE('',*,*,#862,.T.);
#1116=ORIENTED_EDGE('',*,*,#854,.T.);
#1117=ORIENTED_EDGE('',*,*,#856,.T.);
#1118=ORIENTED_EDGE('',*,*,#837,.T.);
#1119=ORIENTED_EDGE('',*,*,#846,.T.);
#1120=ORIENTED_EDGE('',*,*,#785,.F.);
#1121=ORIENTED_EDGE('',*,*,#863,.T.);
#1122=ORIENTED_EDGE('',*,*,#864,.F.);
#1123=ORIENTED_EDGE('',*,*,#865,.F.);
#1124=ORIENTED_EDGE('',*,*,#786,.F.);
#1125=ORIENTED_EDGE('',*,*,#865,.T.);
#1126=ORIENTED_EDGE('',*,*,#866,.F.);
#1127=ORIENTED_EDGE('',*,*,#842,.F.);
#1128=ORIENTED_EDGE('',*,*,#784,.F.);
#1129=ORIENTED_EDGE('',*,*,#844,.T.);
#1130=ORIENTED_EDGE('',*,*,#867,.F.);
#1131=ORIENTED_EDGE('',*,*,#863,.F.);
#1132=ORIENTED_EDGE('',*,*,#867,.T.);
#1133=ORIENTED_EDGE('',*,*,#843,.T.);
#1134=ORIENTED_EDGE('',*,*,#866,.T.);
#1135=ORIENTED_EDGE('',*,*,#864,.T.);
#1136=ORIENTED_EDGE('',*,*,#807,.F.);
#1137=ORIENTED_EDGE('',*,*,#849,.T.);
#1138=ORIENTED_EDGE('',*,*,#868,.F.);
#1139=ORIENTED_EDGE('',*,*,#869,.F.);
#1140=ORIENTED_EDGE('',*,*,#808,.F.);
#1141=ORIENTED_EDGE('',*,*,#869,.T.);
#1142=ORIENTED_EDGE('',*,*,#870,.F.);
#1143=ORIENTED_EDGE('',*,*,#871,.F.);
#1144=ORIENTED_EDGE('',*,*,#809,.F.);
#1145=ORIENTED_EDGE('',*,*,#871,.T.);
#1146=ORIENTED_EDGE('',*,*,#872,.F.);
#1147=ORIENTED_EDGE('',*,*,#847,.F.);
#1148=ORIENTED_EDGE('',*,*,#848,.T.);
#1149=ORIENTED_EDGE('',*,*,#872,.T.);
#1150=ORIENTED_EDGE('',*,*,#870,.T.);
#1151=ORIENTED_EDGE('',*,*,#868,.T.);
#1152=ORIENTED_EDGE('',*,*,#759,.T.);
#1153=ORIENTED_EDGE('',*,*,#793,.F.);
#1154=ORIENTED_EDGE('',*,*,#841,.T.);
#1155=ORIENTED_EDGE('',*,*,#873,.F.);
#1156=ORIENTED_EDGE('',*,*,#874,.F.);
#1157=ORIENTED_EDGE('',*,*,#794,.F.);
#1158=ORIENTED_EDGE('',*,*,#874,.T.);
#1159=ORIENTED_EDGE('',*,*,#875,.F.);
#1160=ORIENTED_EDGE('',*,*,#876,.F.);
#1161=ORIENTED_EDGE('',*,*,#795,.F.);
#1162=ORIENTED_EDGE('',*,*,#876,.T.);
#1163=ORIENTED_EDGE('',*,*,#877,.F.);
#1164=ORIENTED_EDGE('',*,*,#839,.F.);
#1165=ORIENTED_EDGE('',*,*,#840,.T.);
#1166=ORIENTED_EDGE('',*,*,#877,.T.);
#1167=ORIENTED_EDGE('',*,*,#875,.T.);
#1168=ORIENTED_EDGE('',*,*,#873,.T.);
#1169=ORIENTED_EDGE('',*,*,#753,.T.);
#1170=ORIENTED_EDGE('',*,*,#812,.F.);
#1171=ORIENTED_EDGE('',*,*,#878,.T.);
#1172=ORIENTED_EDGE('',*,*,#879,.F.);
#1173=ORIENTED_EDGE('',*,*,#880,.F.);
#1174=ORIENTED_EDGE('',*,*,#813,.F.);
#1175=ORIENTED_EDGE('',*,*,#880,.T.);
#1176=ORIENTED_EDGE('',*,*,#881,.F.);
#1177=ORIENTED_EDGE('',*,*,#882,.F.);
#1178=ORIENTED_EDGE('',*,*,#814,.F.);
#1179=ORIENTED_EDGE('',*,*,#882,.T.);
#1180=ORIENTED_EDGE('',*,*,#883,.F.);
#1181=ORIENTED_EDGE('',*,*,#884,.F.);
#1182=ORIENTED_EDGE('',*,*,#815,.F.);
#1183=ORIENTED_EDGE('',*,*,#884,.T.);
#1184=ORIENTED_EDGE('',*,*,#885,.F.);
#1185=ORIENTED_EDGE('',*,*,#886,.F.);
#1186=ORIENTED_EDGE('',*,*,#816,.F.);
#1187=ORIENTED_EDGE('',*,*,#886,.T.);
#1188=ORIENTED_EDGE('',*,*,#887,.F.);
#1189=ORIENTED_EDGE('',*,*,#888,.F.);
#1190=ORIENTED_EDGE('',*,*,#817,.F.);
#1191=ORIENTED_EDGE('',*,*,#888,.T.);
#1192=ORIENTED_EDGE('',*,*,#889,.F.);
#1193=ORIENTED_EDGE('',*,*,#878,.F.);
#1194=ORIENTED_EDGE('',*,*,#889,.T.);
#1195=ORIENTED_EDGE('',*,*,#887,.T.);
#1196=ORIENTED_EDGE('',*,*,#885,.T.);
#1197=ORIENTED_EDGE('',*,*,#883,.T.);
#1198=ORIENTED_EDGE('',*,*,#881,.T.);
#1199=ORIENTED_EDGE('',*,*,#879,.T.);
#1200=ORIENTED_EDGE('',*,*,#803,.F.);
#1201=ORIENTED_EDGE('',*,*,#852,.T.);
#1202=ORIENTED_EDGE('',*,*,#890,.F.);
#1203=ORIENTED_EDGE('',*,*,#891,.F.);
#1204=ORIENTED_EDGE('',*,*,#804,.F.);
#1205=ORIENTED_EDGE('',*,*,#891,.T.);
#1206=ORIENTED_EDGE('',*,*,#892,.F.);
#1207=ORIENTED_EDGE('',*,*,#893,.F.);
#1208=ORIENTED_EDGE('',*,*,#805,.F.);
#1209=ORIENTED_EDGE('',*,*,#893,.T.);
#1210=ORIENTED_EDGE('',*,*,#894,.F.);
#1211=ORIENTED_EDGE('',*,*,#850,.F.);
#1212=ORIENTED_EDGE('',*,*,#851,.T.);
#1213=ORIENTED_EDGE('',*,*,#894,.T.);
#1214=ORIENTED_EDGE('',*,*,#892,.T.);
#1215=ORIENTED_EDGE('',*,*,#890,.T.);
#1216=ORIENTED_EDGE('',*,*,#765,.T.);
#1217=ORIENTED_EDGE('',*,*,#789,.F.);
#1218=ORIENTED_EDGE('',*,*,#835,.T.);
#1219=ORIENTED_EDGE('',*,*,#895,.F.);
#1220=ORIENTED_EDGE('',*,*,#896,.F.);
#1221=ORIENTED_EDGE('',*,*,#790,.F.);
#1222=ORIENTED_EDGE('',*,*,#896,.T.);
#1223=ORIENTED_EDGE('',*,*,#897,.F.);
#1224=ORIENTED_EDGE('',*,*,#898,.F.);
#1225=ORIENTED_EDGE('',*,*,#791,.F.);
#1226=ORIENTED_EDGE('',*,*,#898,.T.);
#1227=ORIENTED_EDGE('',*,*,#899,.F.);
#1228=ORIENTED_EDGE('',*,*,#833,.F.);
#1229=ORIENTED_EDGE('',*,*,#834,.T.);
#1230=ORIENTED_EDGE('',*,*,#899,.T.);
#1231=ORIENTED_EDGE('',*,*,#897,.T.);
#1232=ORIENTED_EDGE('',*,*,#895,.T.);
#1233=ORIENTED_EDGE('',*,*,#771,.T.);
#1234=ORIENTED_EDGE('',*,*,#799,.F.);
#1235=ORIENTED_EDGE('',*,*,#900,.T.);
#1236=ORIENTED_EDGE('',*,*,#901,.F.);
#1237=ORIENTED_EDGE('',*,*,#902,.F.);
#1238=ORIENTED_EDGE('',*,*,#800,.F.);
#1239=ORIENTED_EDGE('',*,*,#902,.T.);
#1240=ORIENTED_EDGE('',*,*,#903,.F.);
#1241=ORIENTED_EDGE('',*,*,#857,.F.);
#1242=ORIENTED_EDGE('',*,*,#798,.F.);
#1243=ORIENTED_EDGE('',*,*,#855,.T.);
#1244=ORIENTED_EDGE('',*,*,#904,.F.);
#1245=ORIENTED_EDGE('',*,*,#900,.F.);
#1246=ORIENTED_EDGE('',*,*,#904,.T.);
#1247=ORIENTED_EDGE('',*,*,#858,.T.);
#1248=ORIENTED_EDGE('',*,*,#903,.T.);
#1249=ORIENTED_EDGE('',*,*,#901,.T.);
#1250=ORIENTED_EDGE('',*,*,#905,.F.);
#1251=ORIENTED_EDGE('',*,*,#906,.F.);
#1252=ORIENTED_EDGE('',*,*,#907,.T.);
#1253=ORIENTED_EDGE('',*,*,#860,.F.);
#1254=ORIENTED_EDGE('',*,*,#820,.T.);
#1255=ORIENTED_EDGE('',*,*,#824,.T.);
#1256=ORIENTED_EDGE('',*,*,#827,.T.);
#1257=ORIENTED_EDGE('',*,*,#829,.T.);
#1258=ORIENTED_EDGE('',*,*,#832,.T.);
#1259=ORIENTED_EDGE('',*,*,#907,.F.);
#1260=ORIENTED_EDGE('',*,*,#908,.F.);
#1261=ORIENTED_EDGE('',*,*,#909,.T.);
#1262=ORIENTED_EDGE('',*,*,#861,.F.);
#1263=ORIENTED_EDGE('',*,*,#909,.F.);
#1264=ORIENTED_EDGE('',*,*,#910,.F.);
#1265=ORIENTED_EDGE('',*,*,#911,.T.);
#1266=ORIENTED_EDGE('',*,*,#862,.F.);
#1267=ORIENTED_EDGE('',*,*,#911,.F.);
#1268=ORIENTED_EDGE('',*,*,#912,.F.);
#1269=ORIENTED_EDGE('',*,*,#905,.T.);
#1270=ORIENTED_EDGE('',*,*,#859,.F.);
#1271=ORIENTED_EDGE('',*,*,#912,.T.);
#1272=ORIENTED_EDGE('',*,*,#910,.T.);
#1273=ORIENTED_EDGE('',*,*,#908,.T.);
#1274=ORIENTED_EDGE('',*,*,#906,.T.);
#1275=ORIENTED_EDGE('',*,*,#750,.T.);
#1276=ORIENTED_EDGE('',*,*,#756,.T.);
#1277=ORIENTED_EDGE('',*,*,#762,.T.);
#1278=ORIENTED_EDGE('',*,*,#768,.T.);
#1279=ORIENTED_EDGE('',*,*,#913,.F.);
#1280=ORIENTED_EDGE('',*,*,#914,.T.);
#1281=ORIENTED_EDGE('',*,*,#915,.T.);
#1282=ORIENTED_EDGE('',*,*,#914,.F.);
#1283=ORIENTED_EDGE('',*,*,#915,.F.);
#1284=ORIENTED_EDGE('',*,*,#916,.F.);
#1285=ORIENTED_EDGE('',*,*,#917,.T.);
#1286=ORIENTED_EDGE('',*,*,#918,.T.);
#1287=ORIENTED_EDGE('',*,*,#917,.F.);
#1288=ORIENTED_EDGE('',*,*,#918,.F.);
#1289=ORIENTED_EDGE('',*,*,#919,.F.);
#1290=ORIENTED_EDGE('',*,*,#920,.T.);
#1291=ORIENTED_EDGE('',*,*,#921,.T.);
#1292=ORIENTED_EDGE('',*,*,#920,.F.);
#1293=ORIENTED_EDGE('',*,*,#921,.F.);
#1294=ORIENTED_EDGE('',*,*,#922,.F.);
#1295=ORIENTED_EDGE('',*,*,#923,.T.);
#1296=ORIENTED_EDGE('',*,*,#924,.T.);
#1297=ORIENTED_EDGE('',*,*,#923,.F.);
#1298=ORIENTED_EDGE('',*,*,#924,.F.);
#1299=ORIENTED_EDGE('',*,*,#925,.F.);
#1300=ORIENTED_EDGE('',*,*,#926,.T.);
#1301=ORIENTED_EDGE('',*,*,#927,.F.);
#1302=ORIENTED_EDGE('',*,*,#928,.F.);
#1303=ORIENTED_EDGE('',*,*,#929,.F.);
#1304=ORIENTED_EDGE('',*,*,#930,.T.);
#1305=ORIENTED_EDGE('',*,*,#931,.F.);
#1306=ORIENTED_EDGE('',*,*,#926,.F.);
#1307=ORIENTED_EDGE('',*,*,#932,.F.);
#1308=ORIENTED_EDGE('',*,*,#933,.T.);
#1309=ORIENTED_EDGE('',*,*,#934,.F.);
#1310=ORIENTED_EDGE('',*,*,#930,.F.);
#1311=ORIENTED_EDGE('',*,*,#935,.F.);
#1312=ORIENTED_EDGE('',*,*,#928,.T.);
#1313=ORIENTED_EDGE('',*,*,#936,.F.);
#1314=ORIENTED_EDGE('',*,*,#933,.F.);
#1315=ORIENTED_EDGE('',*,*,#937,.F.);
#1316=ORIENTED_EDGE('',*,*,#938,.T.);
#1317=ORIENTED_EDGE('',*,*,#939,.F.);
#1318=ORIENTED_EDGE('',*,*,#940,.F.);
#1319=ORIENTED_EDGE('',*,*,#941,.F.);
#1320=ORIENTED_EDGE('',*,*,#940,.T.);
#1321=ORIENTED_EDGE('',*,*,#942,.F.);
#1322=ORIENTED_EDGE('',*,*,#943,.F.);
#1323=ORIENTED_EDGE('',*,*,#944,.F.);
#1324=ORIENTED_EDGE('',*,*,#943,.T.);
#1325=ORIENTED_EDGE('',*,*,#945,.F.);
#1326=ORIENTED_EDGE('',*,*,#946,.F.);
#1327=ORIENTED_EDGE('',*,*,#947,.F.);
#1328=ORIENTED_EDGE('',*,*,#946,.T.);
#1329=ORIENTED_EDGE('',*,*,#948,.F.);
#1330=ORIENTED_EDGE('',*,*,#938,.F.);
#1331=ORIENTED_EDGE('',*,*,#948,.T.);
#1332=ORIENTED_EDGE('',*,*,#945,.T.);
#1333=ORIENTED_EDGE('',*,*,#942,.T.);
#1334=ORIENTED_EDGE('',*,*,#939,.T.);
#1335=ORIENTED_EDGE('',*,*,#925,.T.);
#1336=ORIENTED_EDGE('',*,*,#935,.T.);
#1337=ORIENTED_EDGE('',*,*,#932,.T.);
#1338=ORIENTED_EDGE('',*,*,#929,.T.);
#1339=ORIENTED_EDGE('',*,*,#947,.T.);
#1340=ORIENTED_EDGE('',*,*,#937,.T.);
#1341=ORIENTED_EDGE('',*,*,#941,.T.);
#1342=ORIENTED_EDGE('',*,*,#944,.T.);
#1343=ORIENTED_EDGE('',*,*,#927,.T.);
#1344=ORIENTED_EDGE('',*,*,#931,.T.);
#1345=ORIENTED_EDGE('',*,*,#934,.T.);
#1346=ORIENTED_EDGE('',*,*,#936,.T.);
#1347=ORIENTED_EDGE('',*,*,#922,.T.);
#1348=ORIENTED_EDGE('',*,*,#919,.T.);
#1349=ORIENTED_EDGE('',*,*,#916,.T.);
#1350=ORIENTED_EDGE('',*,*,#913,.T.);
#1351=PLANE('',#1513);
#1352=PLANE('',#1520);
#1353=PLANE('',#1527);
#1354=PLANE('',#1534);
#1355=PLANE('',#1541);
#1356=PLANE('',#1542);
#1357=PLANE('',#1543);
#1358=PLANE('',#1544);
#1359=PLANE('',#1545);
#1360=PLANE('',#1546);
#1361=PLANE('',#1550);
#1362=PLANE('',#1557);
#1363=PLANE('',#1558);
#1364=PLANE('',#1559);
#1365=PLANE('',#1560);
#1366=PLANE('',#1561);
#1367=PLANE('',#1562);
#1368=PLANE('',#1563);
#1369=PLANE('',#1564);
#1370=PLANE('',#1565);
#1371=PLANE('',#1566);
#1372=PLANE('',#1567);
#1373=PLANE('',#1568);
#1374=PLANE('',#1569);
#1375=PLANE('',#1570);
#1376=PLANE('',#1571);
#1377=PLANE('',#1572);
#1378=PLANE('',#1573);
#1379=PLANE('',#1574);
#1380=PLANE('',#1575);
#1381=PLANE('',#1576);
#1382=PLANE('',#1577);
#1383=PLANE('',#1578);
#1384=PLANE('',#1579);
#1385=PLANE('',#1580);
#1386=PLANE('',#1581);
#1387=PLANE('',#1582);
#1388=PLANE('',#1583);
#1389=PLANE('',#1584);
#1390=PLANE('',#1585);
#1391=PLANE('',#1586);
#1392=PLANE('',#1587);
#1393=PLANE('',#1588);
#1394=PLANE('',#1589);
#1395=PLANE('',#1590);
#1396=PLANE('',#1591);
#1397=PLANE('',#1592);
#1398=PLANE('',#1593);
#1399=PLANE('',#1594);
#1400=PLANE('',#1595);
#1401=PLANE('',#1596);
#1402=PLANE('',#1597);
#1403=PLANE('',#1601);
#1404=PLANE('',#1605);
#1405=PLANE('',#1609);
#1406=PLANE('',#1613);
#1407=PLANE('',#1614);
#1408=PLANE('',#1615);
#1409=PLANE('',#1616);
#1410=PLANE('',#1617);
#1411=PLANE('',#1618);
#1412=PLANE('',#1619);
#1413=PLANE('',#1620);
#1414=PLANE('',#1621);
#1415=PLANE('',#1622);
#1416=PLANE('',#1623);
#1417=ADVANCED_FACE('',(#398,#374),#1351,.F.);
#1418=ADVANCED_FACE('',(#399),#359,.F.);
#1419=ADVANCED_FACE('',(#400),#360,.F.);
#1420=ADVANCED_FACE('',(#401,#375),#1352,.F.);
#1421=ADVANCED_FACE('',(#402),#361,.F.);
#1422=ADVANCED_FACE('',(#403),#362,.F.);
#1423=ADVANCED_FACE('',(#404,#376),#1353,.F.);
#1424=ADVANCED_FACE('',(#405),#363,.F.);
#1425=ADVANCED_FACE('',(#406),#364,.F.);
#1426=ADVANCED_FACE('',(#407,#377),#1354,.F.);
#1427=ADVANCED_FACE('',(#408),#365,.F.);
#1428=ADVANCED_FACE('',(#409),#366,.F.);
#1429=ADVANCED_FACE('',(#410),#1355,.F.);
#1430=ADVANCED_FACE('',(#411),#1356,.F.);
#1431=ADVANCED_FACE('',(#412),#1357,.F.);
#1432=ADVANCED_FACE('',(#413),#1358,.F.);
#1433=ADVANCED_FACE('',(#414,#378),#1359,.T.);
#1434=ADVANCED_FACE('',(#415),#1360,.F.);
#1435=ADVANCED_FACE('',(#416),#367,.F.);
#1436=ADVANCED_FACE('',(#417),#1361,.F.);
#1437=ADVANCED_FACE('',(#418),#368,.F.);
#1438=ADVANCED_FACE('',(#419),#369,.F.);
#1439=ADVANCED_FACE('',(#420),#1362,.T.);
#1440=ADVANCED_FACE('',(#421,#379,#380),#1363,.T.);
#1441=ADVANCED_FACE('',(#422),#1364,.T.);
#1442=ADVANCED_FACE('',(#423),#1365,.T.);
#1443=ADVANCED_FACE('',(#424,#381),#1366,.T.);
#1444=ADVANCED_FACE('',(#425),#1367,.T.);
#1445=ADVANCED_FACE('',(#426),#1368,.T.);
#1446=ADVANCED_FACE('',(#427),#1369,.T.);
#1447=ADVANCED_FACE('',(#428),#1370,.T.);
#1448=ADVANCED_FACE('',(#429),#1371,.T.);
#1449=ADVANCED_FACE('',(#430),#1372,.T.);
#1450=ADVANCED_FACE('',(#431),#1373,.T.);
#1451=ADVANCED_FACE('',(#432,#382),#1374,.T.);
#1452=ADVANCED_FACE('',(#433),#1375,.T.);
#1453=ADVANCED_FACE('',(#434),#1376,.T.);
#1454=ADVANCED_FACE('',(#435),#1377,.T.);
#1455=ADVANCED_FACE('',(#436,#383),#1378,.T.);
#1456=ADVANCED_FACE('',(#437),#1379,.T.);
#1457=ADVANCED_FACE('',(#438),#1380,.T.);
#1458=ADVANCED_FACE('',(#439),#1381,.T.);
#1459=ADVANCED_FACE('',(#440),#1382,.T.);
#1460=ADVANCED_FACE('',(#441),#1383,.T.);
#1461=ADVANCED_FACE('',(#442),#1384,.T.);
#1462=ADVANCED_FACE('',(#443),#1385,.T.);
#1463=ADVANCED_FACE('',(#444),#1386,.T.);
#1464=ADVANCED_FACE('',(#445),#1387,.T.);
#1465=ADVANCED_FACE('',(#446),#1388,.T.);
#1466=ADVANCED_FACE('',(#447,#384),#1389,.T.);
#1467=ADVANCED_FACE('',(#448),#1390,.T.);
#1468=ADVANCED_FACE('',(#449),#1391,.T.);
#1469=ADVANCED_FACE('',(#450),#1392,.T.);
#1470=ADVANCED_FACE('',(#451,#385),#1393,.T.);
#1471=ADVANCED_FACE('',(#452),#1394,.T.);
#1472=ADVANCED_FACE('',(#453),#1395,.T.);
#1473=ADVANCED_FACE('',(#454),#1396,.T.);
#1474=ADVANCED_FACE('',(#455),#1397,.T.);
#1475=ADVANCED_FACE('',(#456,#386,#387),#1398,.T.);
#1476=ADVANCED_FACE('',(#457),#1399,.T.);
#1477=ADVANCED_FACE('',(#458),#1400,.T.);
#1478=ADVANCED_FACE('',(#459),#1401,.T.);
#1479=ADVANCED_FACE('',(#460,#388,#389,#390,#391),#1402,.T.);
#1480=ADVANCED_FACE('',(#461),#370,.F.);
#1481=ADVANCED_FACE('',(#462),#1403,.F.);
#1482=ADVANCED_FACE('',(#463),#371,.F.);
#1483=ADVANCED_FACE('',(#464),#1404,.F.);
#1484=ADVANCED_FACE('',(#465),#372,.F.);
#1485=ADVANCED_FACE('',(#466),#1405,.F.);
#1486=ADVANCED_FACE('',(#467),#373,.F.);
#1487=ADVANCED_FACE('',(#468),#1406,.F.);
#1488=ADVANCED_FACE('',(#469),#1407,.F.);
#1489=ADVANCED_FACE('',(#470),#1408,.F.);
#1490=ADVANCED_FACE('',(#471),#1409,.F.);
#1491=ADVANCED_FACE('',(#472),#1410,.F.);
#1492=ADVANCED_FACE('',(#473),#1411,.T.);
#1493=ADVANCED_FACE('',(#474),#1412,.T.);
#1494=ADVANCED_FACE('',(#475),#1413,.T.);
#1495=ADVANCED_FACE('',(#476),#1414,.T.);
#1496=ADVANCED_FACE('',(#477,#392),#1415,.T.);
#1497=ADVANCED_FACE('',(#478,#393,#394,#395,#396,#397),#1416,.F.);
#1498=CLOSED_SHELL('',(#1417,#1418,#1419,#1420,#1421,#1422,#1423,#1424,
#1425,#1426,#1427,#1428,#1429,#1430,#1431,#1432,#1433,#1434,#1435,#1436,
#1437,#1438,#1439,#1440,#1441,#1442,#1443,#1444,#1445,#1446,#1447,#1448,
#1449,#1450,#1451,#1452,#1453,#1454,#1455,#1456,#1457,#1458,#1459,#1460,
#1461,#1462,#1463,#1464,#1465,#1466,#1467,#1468,#1469,#1470,#1471,#1472,
#1473,#1474,#1475,#1476,#1477,#1478,#1479));
#1499=CLOSED_SHELL('',(#1480,#1481,#1482,#1483,#1484,#1485,#1486,#1487,
#1488,#1489,#1490,#1491,#1492,#1493,#1494,#1495,#1496,#1497));
#1500=DERIVED_UNIT_ELEMENT(#1502,1.);
#1501=DERIVED_UNIT_ELEMENT(#2441,-3.);
#1502=(
MASS_UNIT()
NAMED_UNIT(*)
SI_UNIT(.KILO.,.GRAM.)
);
#1503=DERIVED_UNIT((#1500,#1501));
#1504=MEASURE_REPRESENTATION_ITEM('density measure',
POSITIVE_RATIO_MEASURE(7850.),#1503);
#1505=PROPERTY_DEFINITION_REPRESENTATION(#1510,#1507);
#1506=PROPERTY_DEFINITION_REPRESENTATION(#1511,#1508);
#1507=REPRESENTATION('material name',(#1509),#2438);
#1508=REPRESENTATION('density',(#1504),#2438);
#1509=DESCRIPTIVE_REPRESENTATION_ITEM('Steel','Steel');
#1510=PROPERTY_DEFINITION('material property','material name',#2448);
#1511=PROPERTY_DEFINITION('material property','density of part',#2448);
#1512=AXIS2_PLACEMENT_3D('',#2019,#1624,#1625);
#1513=AXIS2_PLACEMENT_3D('',#2020,#1626,#1627);
#1514=AXIS2_PLACEMENT_3D('',#2022,#1628,#1629);
#1515=AXIS2_PLACEMENT_3D('',#2024,#1630,#1631);
#1516=AXIS2_PLACEMENT_3D('',#2025,#1632,#1633);
#1517=AXIS2_PLACEMENT_3D('',#2027,#1634,#1635);
#1518=AXIS2_PLACEMENT_3D('',#2029,#1637,#1638);
#1519=AXIS2_PLACEMENT_3D('',#2032,#1640,#1641);
#1520=AXIS2_PLACEMENT_3D('',#2033,#1642,#1643);
#1521=AXIS2_PLACEMENT_3D('',#2035,#1644,#1645);
#1522=AXIS2_PLACEMENT_3D('',#2037,#1646,#1647);
#1523=AXIS2_PLACEMENT_3D('',#2038,#1648,#1649);
#1524=AXIS2_PLACEMENT_3D('',#2040,#1650,#1651);
#1525=AXIS2_PLACEMENT_3D('',#2042,#1653,#1654);
#1526=AXIS2_PLACEMENT_3D('',#2045,#1656,#1657);
#1527=AXIS2_PLACEMENT_3D('',#2046,#1658,#1659);
#1528=AXIS2_PLACEMENT_3D('',#2048,#1660,#1661);
#1529=AXIS2_PLACEMENT_3D('',#2050,#1662,#1663);
#1530=AXIS2_PLACEMENT_3D('',#2051,#1664,#1665);
#1531=AXIS2_PLACEMENT_3D('',#2053,#1666,#1667);
#1532=AXIS2_PLACEMENT_3D('',#2055,#1669,#1670);
#1533=AXIS2_PLACEMENT_3D('',#2058,#1672,#1673);
#1534=AXIS2_PLACEMENT_3D('',#2059,#1674,#1675);
#1535=AXIS2_PLACEMENT_3D('',#2061,#1676,#1677);
#1536=AXIS2_PLACEMENT_3D('',#2063,#1678,#1679);
#1537=AXIS2_PLACEMENT_3D('',#2064,#1680,#1681);
#1538=AXIS2_PLACEMENT_3D('',#2066,#1682,#1683);
#1539=AXIS2_PLACEMENT_3D('',#2068,#1685,#1686);
#1540=AXIS2_PLACEMENT_3D('',#2071,#1688,#1689);
#1541=AXIS2_PLACEMENT_3D('',#2072,#1690,#1691);
#1542=AXIS2_PLACEMENT_3D('',#2081,#1696,#1697);
#1543=AXIS2_PLACEMENT_3D('',#2087,#1701,#1702);
#1544=AXIS2_PLACEMENT_3D('',#2093,#1706,#1707);
#1545=AXIS2_PLACEMENT_3D('',#2095,#1709,#1710);
#1546=AXIS2_PLACEMENT_3D('',#2165,#1746,#1747);
#1547=AXIS2_PLACEMENT_3D('',#2174,#1752,#1753);
#1548=AXIS2_PLACEMENT_3D('',#2176,#1754,#1755);
#1549=AXIS2_PLACEMENT_3D('',#2179,#1757,#1758);
#1550=AXIS2_PLACEMENT_3D('',#2180,#1759,#1760);
#1551=AXIS2_PLACEMENT_3D('',#2186,#1764,#1765);
#1552=AXIS2_PLACEMENT_3D('',#2187,#1766,#1767);
#1553=AXIS2_PLACEMENT_3D('',#2188,#1768,#1769);
#1554=AXIS2_PLACEMENT_3D('',#2189,#1770,#1771);
#1555=AXIS2_PLACEMENT_3D('',#2191,#1772,#1773);
#1556=AXIS2_PLACEMENT_3D('',#2194,#1775,#1776);
#1557=AXIS2_PLACEMENT_3D('',#2195,#1777,#1778);
#1558=AXIS2_PLACEMENT_3D('',#2211,#1788,#1789);
#1559=AXIS2_PLACEMENT_3D('',#2220,#1795,#1796);
#1560=AXIS2_PLACEMENT_3D('',#2234,#1805,#1806);
#1561=AXIS2_PLACEMENT_3D('',#2241,#1811,#1812);
#1562=AXIS2_PLACEMENT_3D('',#2250,#1817,#1818);
#1563=AXIS2_PLACEMENT_3D('',#2256,#1822,#1823);
#1564=AXIS2_PLACEMENT_3D('',#2258,#1825,#1826);
#1565=AXIS2_PLACEMENT_3D('',#2260,#1828,#1829);
#1566=AXIS2_PLACEMENT_3D('',#2261,#1830,#1831);
#1567=AXIS2_PLACEMENT_3D('',#2265,#1834,#1835);
#1568=AXIS2_PLACEMENT_3D('',#2269,#1838,#1839);
#1569=AXIS2_PLACEMENT_3D('',#2271,#1841,#1842);
#1570=AXIS2_PLACEMENT_3D('',#2272,#1843,#1844);
#1571=AXIS2_PLACEMENT_3D('',#2276,#1847,#1848);
#1572=AXIS2_PLACEMENT_3D('',#2280,#1851,#1852);
#1573=AXIS2_PLACEMENT_3D('',#2282,#1854,#1855);
#1574=AXIS2_PLACEMENT_3D('',#2283,#1856,#1857);
#1575=AXIS2_PLACEMENT_3D('',#2289,#1861,#1862);
#1576=AXIS2_PLACEMENT_3D('',#2293,#1865,#1866);
#1577=AXIS2_PLACEMENT_3D('',#2297,#1869,#1870);
#1578=AXIS2_PLACEMENT_3D('',#2301,#1873,#1874);
#1579=AXIS2_PLACEMENT_3D('',#2305,#1877,#1878);
#1580=AXIS2_PLACEMENT_3D('',#2307,#1880,#1881);
#1581=AXIS2_PLACEMENT_3D('',#2308,#1882,#1883);
#1582=AXIS2_PLACEMENT_3D('',#2312,#1886,#1887);
#1583=AXIS2_PLACEMENT_3D('',#2316,#1890,#1891);
#1584=AXIS2_PLACEMENT_3D('',#2318,#1893,#1894);
#1585=AXIS2_PLACEMENT_3D('',#2319,#1895,#1896);
#1586=AXIS2_PLACEMENT_3D('',#2323,#1899,#1900);
#1587=AXIS2_PLACEMENT_3D('',#2327,#1903,#1904);
#1588=AXIS2_PLACEMENT_3D('',#2329,#1906,#1907);
#1589=AXIS2_PLACEMENT_3D('',#2330,#1908,#1909);
#1590=AXIS2_PLACEMENT_3D('',#2336,#1913,#1914);
#1591=AXIS2_PLACEMENT_3D('',#2338,#1916,#1917);
#1592=AXIS2_PLACEMENT_3D('',#2340,#1919,#1920);
#1593=AXIS2_PLACEMENT_3D('',#2341,#1921,#1922);
#1594=AXIS2_PLACEMENT_3D('',#2347,#1926,#1927);
#1595=AXIS2_PLACEMENT_3D('',#2351,#1930,#1931);
#1596=AXIS2_PLACEMENT_3D('',#2355,#1934,#1935);
#1597=AXIS2_PLACEMENT_3D('',#2357,#1937,#1938);
#1598=AXIS2_PLACEMENT_3D('',#2358,#1939,#1940);
#1599=AXIS2_PLACEMENT_3D('',#2360,#1941,#1942);
#1600=AXIS2_PLACEMENT_3D('',#2363,#1944,#1945);
#1601=AXIS2_PLACEMENT_3D('',#2364,#1946,#1947);
#1602=AXIS2_PLACEMENT_3D('',#2365,#1948,#1949);
#1603=AXIS2_PLACEMENT_3D('',#2367,#1950,#1951);
#1604=AXIS2_PLACEMENT_3D('',#2370,#1953,#1954);
#1605=AXIS2_PLACEMENT_3D('',#2371,#1955,#1956);
#1606=AXIS2_PLACEMENT_3D('',#2372,#1957,#1958);
#1607=AXIS2_PLACEMENT_3D('',#2374,#1959,#1960);
#1608=AXIS2_PLACEMENT_3D('',#2377,#1962,#1963);
#1609=AXIS2_PLACEMENT_3D('',#2378,#1964,#1965);
#1610=AXIS2_PLACEMENT_3D('',#2379,#1966,#1967);
#1611=AXIS2_PLACEMENT_3D('',#2381,#1968,#1969);
#1612=AXIS2_PLACEMENT_3D('',#2384,#1971,#1972);
#1613=AXIS2_PLACEMENT_3D('',#2385,#1973,#1974);
#1614=AXIS2_PLACEMENT_3D('',#2386,#1975,#1976);
#1615=AXIS2_PLACEMENT_3D('',#2395,#1981,#1982);
#1616=AXIS2_PLACEMENT_3D('',#2401,#1986,#1987);
#1617=AXIS2_PLACEMENT_3D('',#2407,#1991,#1992);
#1618=AXIS2_PLACEMENT_3D('',#2410,#1995,#1996);
#1619=AXIS2_PLACEMENT_3D('',#2419,#2001,#2002);
#1620=AXIS2_PLACEMENT_3D('',#2425,#2006,#2007);
#1621=AXIS2_PLACEMENT_3D('',#2431,#2011,#2012);
#1622=AXIS2_PLACEMENT_3D('',#2434,#2015,#2016);
#1623=AXIS2_PLACEMENT_3D('',#2435,#2017,#2018);
#1624=DIRECTION('axis',(0.,0.,1.));
#1625=DIRECTION('refdir',(1.,0.,0.));
#1626=DIRECTION('center_axis',(0.,0.,1.));
#1627=DIRECTION('ref_axis',(-1.,0.,0.));
#1628=DIRECTION('center_axis',(0.,0.,1.));
#1629=DIRECTION('ref_axis',(-1.,0.,0.));
#1630=DIRECTION('center_axis',(0.,0.,1.));
#1631=DIRECTION('ref_axis',(-1.,0.,0.));
#1632=DIRECTION('center_axis',(0.,0.,1.));
#1633=DIRECTION('ref_axis',(-1.,0.,0.));
#1634=DIRECTION('center_axis',(0.,0.,1.));
#1635=DIRECTION('ref_axis',(-1.,0.,0.));
#1636=DIRECTION('',(0.,0.,1.));
#1637=DIRECTION('center_axis',(0.,0.,1.));
#1638=DIRECTION('ref_axis',(-1.,0.,0.));
#1639=DIRECTION('',(0.,0.,1.));
#1640=DIRECTION('center_axis',(0.,0.,-1.));
#1641=DIRECTION('ref_axis',(-1.,0.,0.));
#1642=DIRECTION('center_axis',(0.,0.,1.));
#1643=DIRECTION('ref_axis',(-1.,0.,0.));
#1644=DIRECTION('center_axis',(0.,0.,1.));
#1645=DIRECTION('ref_axis',(-1.,0.,0.));
#1646=DIRECTION('center_axis',(0.,0.,1.));
#1647=DIRECTION('ref_axis',(-1.,0.,0.));
#1648=DIRECTION('center_axis',(0.,0.,1.));
#1649=DIRECTION('ref_axis',(-1.,0.,0.));
#1650=DIRECTION('center_axis',(0.,0.,1.));
#1651=DIRECTION('ref_axis',(-1.,0.,0.));
#1652=DIRECTION('',(0.,0.,1.));
#1653=DIRECTION('center_axis',(0.,0.,1.));
#1654=DIRECTION('ref_axis',(-1.,0.,0.));
#1655=DIRECTION('',(0.,0.,1.));
#1656=DIRECTION('center_axis',(0.,0.,-1.));
#1657=DIRECTION('ref_axis',(-1.,0.,0.));
#1658=DIRECTION('center_axis',(0.,0.,1.));
#1659=DIRECTION('ref_axis',(-1.,0.,0.));
#1660=DIRECTION('center_axis',(0.,0.,1.));
#1661=DIRECTION('ref_axis',(-1.,0.,0.));
#1662=DIRECTION('center_axis',(0.,0.,1.));
#1663=DIRECTION('ref_axis',(-1.,0.,0.));
#1664=DIRECTION('center_axis',(0.,0.,1.));
#1665=DIRECTION('ref_axis',(-1.,0.,0.));
#1666=DIRECTION('center_axis',(0.,0.,1.));
#1667=DIRECTION('ref_axis',(-1.,0.,0.));
#1668=DIRECTION('',(0.,0.,1.));
#1669=DIRECTION('center_axis',(0.,0.,1.));
#1670=DIRECTION('ref_axis',(-1.,0.,0.));
#1671=DIRECTION('',(0.,0.,1.));
#1672=DIRECTION('center_axis',(0.,0.,-1.));
#1673=DIRECTION('ref_axis',(-1.,0.,0.));
#1674=DIRECTION('center_axis',(0.,0.,1.));
#1675=DIRECTION('ref_axis',(-1.,0.,0.));
#1676=DIRECTION('center_axis',(0.,0.,1.));
#1677=DIRECTION('ref_axis',(-1.,0.,0.));
#1678=DIRECTION('center_axis',(0.,0.,1.));
#1679=DIRECTION('ref_axis',(-1.,0.,0.));
#1680=DIRECTION('center_axis',(0.,0.,1.));
#1681=DIRECTION('ref_axis',(-1.,0.,0.));
#1682=DIRECTION('center_axis',(0.,0.,1.));
#1683=DIRECTION('ref_axis',(-1.,0.,0.));
#1684=DIRECTION('',(0.,0.,1.));
#1685=DIRECTION('center_axis',(0.,0.,1.));
#1686=DIRECTION('ref_axis',(-1.,0.,0.));
#1687=DIRECTION('',(0.,0.,1.));
#1688=DIRECTION('center_axis',(0.,0.,-1.));
#1689=DIRECTION('ref_axis',(-1.,0.,0.));
#1690=DIRECTION('center_axis',(-1.,0.,0.));
#1691=DIRECTION('ref_axis',(0.,1.,0.));
#1692=DIRECTION('',(0.,1.,0.));
#1693=DIRECTION('',(0.,0.,-1.));
#1694=DIRECTION('',(0.,1.,0.));
#1695=DIRECTION('',(0.,0.,-1.));
#1696=DIRECTION('center_axis',(0.,-1.,0.));
#1697=DIRECTION('ref_axis',(-1.,0.,0.));
#1698=DIRECTION('',(-1.,0.,0.));
#1699=DIRECTION('',(0.,0.,-1.));
#1700=DIRECTION('',(-1.,0.,0.));
#1701=DIRECTION('center_axis',(1.,0.,0.));
#1702=DIRECTION('ref_axis',(0.,-1.,0.));
#1703=DIRECTION('',(0.,-1.,0.));
#1704=DIRECTION('',(0.,0.,-1.));
#1705=DIRECTION('',(0.,-1.,0.));
#1706=DIRECTION('center_axis',(0.,0.,-1.));
#1707=DIRECTION('ref_axis',(-1.,0.,0.));
#1708=DIRECTION('',(1.,0.,0.));
#1709=DIRECTION('center_axis',(0.,0.,1.));
#1710=DIRECTION('ref_axis',(1.,0.,0.));
#1711=DIRECTION('',(-1.,0.,0.));
#1712=DIRECTION('',(0.,-1.,0.));
#1713=DIRECTION('',(-1.,0.,0.));
#1714=DIRECTION('',(0.,1.,0.));
#1715=DIRECTION('',(-1.,0.,0.));
#1716=DIRECTION('',(0.,-1.,0.));
#1717=DIRECTION('',(1.,0.,0.));
#1718=DIRECTION('',(0.,-1.,0.));
#1719=DIRECTION('',(-1.,0.,0.));
#1720=DIRECTION('',(0.,-1.,0.));
#1721=DIRECTION('',(1.,0.,0.));
#1722=DIRECTION('',(0.,-1.,0.));
#1723=DIRECTION('',(-1.,0.,0.));
#1724=DIRECTION('',(0.,-1.,0.));
#1725=DIRECTION('',(1.,0.,0.));
#1726=DIRECTION('',(0.,1.,0.));
#1727=DIRECTION('',(1.,0.,0.));
#1728=DIRECTION('',(0.,-1.,0.));
#1729=DIRECTION('',(1.,0.,0.));
#1730=DIRECTION('',(1.6296851737617E-16,1.,0.));
#1731=DIRECTION('',(-1.,0.,0.));
#1732=DIRECTION('',(0.,1.,0.));
#1733=DIRECTION('',(1.,0.,0.));
#1734=DIRECTION('',(1.6296851737617E-16,1.,0.));
#1735=DIRECTION('',(-1.,0.,0.));
#1736=DIRECTION('',(0.,1.,0.));
#1737=DIRECTION('',(1.,0.,0.));
#1738=DIRECTION('',(1.6296851737617E-16,1.,0.));
#1739=DIRECTION('',(-1.,0.,0.));
#1740=DIRECTION('',(1.,0.,0.));
#1741=DIRECTION('',(0.,-1.,0.));
#1742=DIRECTION('',(-1.,0.,0.));
#1743=DIRECTION('',(0.,1.,0.));
#1744=DIRECTION('',(1.,0.,0.));
#1745=DIRECTION('',(0.,1.,0.));
#1746=DIRECTION('center_axis',(1.43563322149805E-16,0.,-1.));
#1747=DIRECTION('ref_axis',(-1.,0.,-1.43563322149805E-16));
#1748=DIRECTION('',(-1.,0.,-1.43563322149805E-16));
#1749=DIRECTION('',(0.,1.,0.));
#1750=DIRECTION('',(1.,0.,1.43563322149805E-16));
#1751=DIRECTION('',(0.,1.,0.));
#1752=DIRECTION('center_axis',(0.,1.,0.));
#1753=DIRECTION('ref_axis',(1.23358113847239E-15,0.,-1.));
#1754=DIRECTION('center_axis',(0.,1.,0.));
#1755=DIRECTION('ref_axis',(1.23358113847239E-15,0.,-1.));
#1756=DIRECTION('',(0.,1.,0.));
#1757=DIRECTION('center_axis',(0.,-1.,0.));
#1758=DIRECTION('ref_axis',(1.23358113847239E-15,0.,-1.));
#1759=DIRECTION('center_axis',(0.,0.,1.));
#1760=DIRECTION('ref_axis',(1.,0.,0.));
#1761=DIRECTION('',(1.,0.,0.));
#1762=DIRECTION('',(0.,1.,0.));
#1763=DIRECTION('',(-1.,0.,0.));
#1764=DIRECTION('center_axis',(0.,1.,0.));
#1765=DIRECTION('ref_axis',(-1.2335811384724E-15,0.,1.));
#1766=DIRECTION('center_axis',(0.,1.,0.));
#1767=DIRECTION('ref_axis',(-1.2335811384724E-15,0.,1.));
#1768=DIRECTION('center_axis',(0.,-1.,0.));
#1769=DIRECTION('ref_axis',(-1.2335811384724E-15,0.,1.));
#1770=DIRECTION('center_axis',(0.,1.,0.));
#1771=DIRECTION('ref_axis',(1.,0.,0.));
#1772=DIRECTION('center_axis',(0.,1.,0.));
#1773=DIRECTION('ref_axis',(1.,0.,0.));
#1774=DIRECTION('',(0.,1.,0.));
#1775=DIRECTION('center_axis',(0.,-1.,0.));
#1776=DIRECTION('ref_axis',(1.,0.,0.));
#1777=DIRECTION('center_axis',(1.,0.,0.));
#1778=DIRECTION('ref_axis',(0.,1.,0.));
#1779=DIRECTION('',(0.,0.,1.));
#1780=DIRECTION('',(0.,-1.,0.));
#1781=DIRECTION('',(0.,0.,1.));
#1782=DIRECTION('',(0.,0.,1.));
#1783=DIRECTION('',(0.,1.,0.));
#1784=DIRECTION('',(0.,0.,1.));
#1785=DIRECTION('',(0.,0.,1.));
#1786=DIRECTION('',(0.,-1.,0.));
#1787=DIRECTION('',(0.,0.,1.));
#1788=DIRECTION('center_axis',(0.,-1.,0.));
#1789=DIRECTION('ref_axis',(1.,0.,0.));
#1790=DIRECTION('',(0.,0.,1.));
#1791=DIRECTION('',(-1.,0.,0.));
#1792=DIRECTION('',(0.,0.,1.));
#1793=DIRECTION('',(0.,0.,1.));
#1794=DIRECTION('',(1.,0.,0.));
#1795=DIRECTION('center_axis',(-1.,1.6296851737617E-16,0.));
#1796=DIRECTION('ref_axis',(-1.6296851737617E-16,-1.,0.));
#1797=DIRECTION('',(0.,0.,1.));
#1798=DIRECTION('',(0.,1.,0.));
#1799=DIRECTION('',(0.,0.,1.));
#1800=DIRECTION('',(0.,0.,1.));
#1801=DIRECTION('',(0.,1.,0.));
#1802=DIRECTION('',(0.,0.,1.));
#1803=DIRECTION('',(0.,0.,1.));
#1804=DIRECTION('',(-1.6296851737617E-16,-1.,0.));
#1805=DIRECTION('center_axis',(0.,1.,0.));
#1806=DIRECTION('ref_axis',(-1.,0.,0.));
#1807=DIRECTION('',(0.,0.,1.));
#1808=DIRECTION('',(-1.,0.,0.));
#1809=DIRECTION('',(0.,0.,1.));
#1810=DIRECTION('',(1.,0.,0.));
#1811=DIRECTION('center_axis',(0.,0.,1.));
#1812=DIRECTION('ref_axis',(1.,0.,0.));
#1813=DIRECTION('',(0.,1.,0.));
#1814=DIRECTION('',(-1.,0.,0.));
#1815=DIRECTION('',(0.,-1.,0.));
#1816=DIRECTION('',(1.,0.,0.));
#1817=DIRECTION('center_axis',(0.,-1.,0.));
#1818=DIRECTION('ref_axis',(1.,0.,0.));
#1819=DIRECTION('',(0.,0.,1.));
#1820=DIRECTION('',(1.,0.,0.));
#1821=DIRECTION('',(0.,0.,1.));
#1822=DIRECTION('center_axis',(-1.,0.,0.));
#1823=DIRECTION('ref_axis',(0.,-1.,0.));
#1824=DIRECTION('',(0.,-1.,0.));
#1825=DIRECTION('center_axis',(1.,0.,0.));
#1826=DIRECTION('ref_axis',(0.,1.,0.));
#1827=DIRECTION('',(0.,1.,0.));
#1828=DIRECTION('center_axis',(0.,0.,1.));
#1829=DIRECTION('ref_axis',(1.,0.,0.));
#1830=DIRECTION('center_axis',(0.,-1.,0.));
#1831=DIRECTION('ref_axis',(1.,0.,0.));
#1832=DIRECTION('',(1.,0.,0.));
#1833=DIRECTION('',(0.,0.,1.));
#1834=DIRECTION('center_axis',(-1.,0.,0.));
#1835=DIRECTION('ref_axis',(0.,-1.,0.));
#1836=DIRECTION('',(0.,-1.,0.));
#1837=DIRECTION('',(0.,0.,1.));
#1838=DIRECTION('center_axis',(0.,1.,0.));
#1839=DIRECTION('ref_axis',(-1.,0.,0.));
#1840=DIRECTION('',(-1.,0.,0.));
#1841=DIRECTION('center_axis',(0.,0.,1.));
#1842=DIRECTION('ref_axis',(1.,0.,0.));
#1843=DIRECTION('center_axis',(0.,1.,0.));
#1844=DIRECTION('ref_axis',(-1.,0.,0.));
#1845=DIRECTION('',(-1.,0.,0.));
#1846=DIRECTION('',(0.,0.,1.));
#1847=DIRECTION('center_axis',(1.,0.,0.));
#1848=DIRECTION('ref_axis',(0.,1.,0.));
#1849=DIRECTION('',(0.,1.,0.));
#1850=DIRECTION('',(0.,0.,1.));
#1851=DIRECTION('center_axis',(0.,-1.,0.));
#1852=DIRECTION('ref_axis',(1.,0.,0.));
#1853=DIRECTION('',(1.,0.,0.));
#1854=DIRECTION('center_axis',(0.,0.,1.));
#1855=DIRECTION('ref_axis',(1.,0.,0.));
#1856=DIRECTION('center_axis',(0.,1.,0.));
#1857=DIRECTION('ref_axis',(-1.,0.,0.));
#1858=DIRECTION('',(0.,0.,1.));
#1859=DIRECTION('',(-1.,0.,0.));
#1860=DIRECTION('',(0.,0.,1.));
#1861=DIRECTION('center_axis',(1.,0.,0.));
#1862=DIRECTION('ref_axis',(0.,1.,0.));
#1863=DIRECTION('',(0.,1.,0.));
#1864=DIRECTION('',(0.,0.,1.));
#1865=DIRECTION('center_axis',(0.,-1.,0.));
#1866=DIRECTION('ref_axis',(1.,0.,0.));
#1867=DIRECTION('',(1.,0.,0.));
#1868=DIRECTION('',(0.,0.,1.));
#1869=DIRECTION('center_axis',(-1.,0.,0.));
#1870=DIRECTION('ref_axis',(0.,-1.,0.));
#1871=DIRECTION('',(0.,-1.,0.));
#1872=DIRECTION('',(0.,0.,1.));
#1873=DIRECTION('center_axis',(0.,1.,0.));
#1874=DIRECTION('ref_axis',(-1.,0.,0.));
#1875=DIRECTION('',(-1.,0.,0.));
#1876=DIRECTION('',(0.,0.,1.));
#1877=DIRECTION('center_axis',(-1.,0.,0.));
#1878=DIRECTION('ref_axis',(0.,-1.,0.));
#1879=DIRECTION('',(0.,-1.,0.));
#1880=DIRECTION('center_axis',(0.,0.,1.));
#1881=DIRECTION('ref_axis',(1.,0.,0.));
#1882=DIRECTION('center_axis',(0.,-1.,0.));
#1883=DIRECTION('ref_axis',(1.,0.,0.));
#1884=DIRECTION('',(1.,0.,0.));
#1885=DIRECTION('',(0.,0.,1.));
#1886=DIRECTION('center_axis',(-1.,0.,0.));
#1887=DIRECTION('ref_axis',(0.,-1.,0.));
#1888=DIRECTION('',(0.,-1.,0.));
#1889=DIRECTION('',(0.,0.,1.));
#1890=DIRECTION('center_axis',(0.,1.,0.));
#1891=DIRECTION('ref_axis',(-1.,0.,0.));
#1892=DIRECTION('',(-1.,0.,0.));
#1893=DIRECTION('center_axis',(0.,0.,1.));
#1894=DIRECTION('ref_axis',(1.,0.,0.));
#1895=DIRECTION('center_axis',(0.,1.,0.));
#1896=DIRECTION('ref_axis',(-1.,0.,0.));
#1897=DIRECTION('',(-1.,0.,0.));
#1898=DIRECTION('',(0.,0.,1.));
#1899=DIRECTION('center_axis',(1.,0.,0.));
#1900=DIRECTION('ref_axis',(0.,1.,0.));
#1901=DIRECTION('',(0.,1.,0.));
#1902=DIRECTION('',(0.,0.,1.));
#1903=DIRECTION('center_axis',(0.,-1.,0.));
#1904=DIRECTION('ref_axis',(1.,0.,0.));
#1905=DIRECTION('',(1.,0.,0.));
#1906=DIRECTION('center_axis',(0.,0.,1.));
#1907=DIRECTION('ref_axis',(1.,0.,0.));
#1908=DIRECTION('center_axis',(0.,1.,0.));
#1909=DIRECTION('ref_axis',(-1.,0.,0.));
#1910=DIRECTION('',(0.,0.,1.));
#1911=DIRECTION('',(-1.,0.,0.));
#1912=DIRECTION('',(0.,0.,1.));
#1913=DIRECTION('center_axis',(1.,0.,0.));
#1914=DIRECTION('ref_axis',(0.,1.,0.));
#1915=DIRECTION('',(0.,1.,0.));
#1916=DIRECTION('center_axis',(-1.,0.,0.));
#1917=DIRECTION('ref_axis',(0.,-1.,0.));
#1918=DIRECTION('',(0.,-1.,0.));
#1919=DIRECTION('center_axis',(0.,0.,1.));
#1920=DIRECTION('ref_axis',(1.,0.,0.));
#1921=DIRECTION('center_axis',(0.,1.,0.));
#1922=DIRECTION('ref_axis',(1.,0.,0.));
#1923=DIRECTION('',(0.,0.,1.));
#1924=DIRECTION('',(1.,0.,0.));
#1925=DIRECTION('',(0.,0.,1.));
#1926=DIRECTION('center_axis',(-1.,0.,0.));
#1927=DIRECTION('ref_axis',(0.,1.,0.));
#1928=DIRECTION('',(0.,1.,0.));
#1929=DIRECTION('',(0.,0.,1.));
#1930=DIRECTION('center_axis',(0.,-1.,0.));
#1931=DIRECTION('ref_axis',(-1.,0.,0.));
#1932=DIRECTION('',(-1.,0.,0.));
#1933=DIRECTION('',(0.,0.,1.));
#1934=DIRECTION('center_axis',(1.,0.,0.));
#1935=DIRECTION('ref_axis',(0.,-1.,0.));
#1936=DIRECTION('',(0.,-1.,0.));
#1937=DIRECTION('center_axis',(0.,0.,-1.));
#1938=DIRECTION('ref_axis',(-1.,0.,0.));
#1939=DIRECTION('center_axis',(0.,0.,1.));
#1940=DIRECTION('ref_axis',(-1.,0.,0.));
#1941=DIRECTION('center_axis',(0.,0.,1.));
#1942=DIRECTION('ref_axis',(-1.,0.,0.));
#1943=DIRECTION('',(0.,0.,1.));
#1944=DIRECTION('center_axis',(0.,0.,1.));
#1945=DIRECTION('ref_axis',(-1.,0.,0.));
#1946=DIRECTION('center_axis',(0.,0.,1.));
#1947=DIRECTION('ref_axis',(-1.,0.,0.));
#1948=DIRECTION('center_axis',(0.,0.,1.));
#1949=DIRECTION('ref_axis',(-1.,0.,0.));
#1950=DIRECTION('center_axis',(0.,0.,1.));
#1951=DIRECTION('ref_axis',(-1.,0.,0.));
#1952=DIRECTION('',(0.,0.,1.));
#1953=DIRECTION('center_axis',(0.,0.,1.));
#1954=DIRECTION('ref_axis',(-1.,0.,0.));
#1955=DIRECTION('center_axis',(0.,0.,1.));
#1956=DIRECTION('ref_axis',(-1.,0.,0.));
#1957=DIRECTION('center_axis',(0.,0.,1.));
#1958=DIRECTION('ref_axis',(-1.,0.,0.));
#1959=DIRECTION('center_axis',(0.,0.,1.));
#1960=DIRECTION('ref_axis',(-1.,0.,0.));
#1961=DIRECTION('',(0.,0.,1.));
#1962=DIRECTION('center_axis',(0.,0.,1.));
#1963=DIRECTION('ref_axis',(-1.,0.,0.));
#1964=DIRECTION('center_axis',(0.,0.,1.));
#1965=DIRECTION('ref_axis',(-1.,0.,0.));
#1966=DIRECTION('center_axis',(0.,0.,1.));
#1967=DIRECTION('ref_axis',(-1.,0.,0.));
#1968=DIRECTION('center_axis',(0.,0.,1.));
#1969=DIRECTION('ref_axis',(-1.,0.,0.));
#1970=DIRECTION('',(0.,0.,1.));
#1971=DIRECTION('center_axis',(0.,0.,1.));
#1972=DIRECTION('ref_axis',(-1.,0.,0.));
#1973=DIRECTION('center_axis',(0.,0.,1.));
#1974=DIRECTION('ref_axis',(-1.,0.,0.));
#1975=DIRECTION('center_axis',(-1.,0.,0.));
#1976=DIRECTION('ref_axis',(0.,1.,0.));
#1977=DIRECTION('',(0.,1.,0.));
#1978=DIRECTION('',(0.,0.,-1.));
#1979=DIRECTION('',(0.,-1.,0.));
#1980=DIRECTION('',(0.,0.,-1.));
#1981=DIRECTION('center_axis',(0.,-1.,0.));
#1982=DIRECTION('ref_axis',(-1.,0.,0.));
#1983=DIRECTION('',(-1.,0.,0.));
#1984=DIRECTION('',(0.,0.,-1.));
#1985=DIRECTION('',(1.,0.,0.));
#1986=DIRECTION('center_axis',(1.,0.,0.));
#1987=DIRECTION('ref_axis',(0.,-1.,0.));
#1988=DIRECTION('',(0.,-1.,0.));
#1989=DIRECTION('',(0.,0.,-1.));
#1990=DIRECTION('',(0.,1.,0.));
#1991=DIRECTION('center_axis',(0.,1.,0.));
#1992=DIRECTION('ref_axis',(1.,0.,0.));
#1993=DIRECTION('',(1.,0.,0.));
#1994=DIRECTION('',(-1.,0.,0.));
#1995=DIRECTION('center_axis',(-1.,0.,0.));
#1996=DIRECTION('ref_axis',(0.,-1.,0.));
#1997=DIRECTION('',(0.,1.,0.));
#1998=DIRECTION('',(0.,0.,1.));
#1999=DIRECTION('',(0.,-1.,0.));
#2000=DIRECTION('',(0.,0.,1.));
#2001=DIRECTION('center_axis',(0.,1.,0.));
#2002=DIRECTION('ref_axis',(-1.,0.,0.));
#2003=DIRECTION('',(1.,0.,0.));
#2004=DIRECTION('',(-1.,0.,0.));
#2005=DIRECTION('',(0.,0.,1.));
#2006=DIRECTION('center_axis',(1.,0.,0.));
#2007=DIRECTION('ref_axis',(0.,1.,0.));
#2008=DIRECTION('',(0.,-1.,0.));
#2009=DIRECTION('',(0.,1.,0.));
#2010=DIRECTION('',(0.,0.,1.));
#2011=DIRECTION('center_axis',(0.,-1.,0.));
#2012=DIRECTION('ref_axis',(1.,0.,0.));
#2013=DIRECTION('',(-1.,0.,0.));
#2014=DIRECTION('',(1.,0.,0.));
#2015=DIRECTION('center_axis',(0.,0.,1.));
#2016=DIRECTION('ref_axis',(1.,0.,0.));
#2017=DIRECTION('center_axis',(0.,0.,1.));
#2018=DIRECTION('ref_axis',(-1.,0.,0.));
#2019=CARTESIAN_POINT('',(0.,0.,0.));
#2020=CARTESIAN_POINT('Origin',(-38.1599999999997,-19.8799999999998,-0.8));
#2021=CARTESIAN_POINT('',(-36.0099999999997,-19.8799999999998,-0.8));
#2022=CARTESIAN_POINT('Origin',(-38.1599999999997,-19.8799999999998,-0.8));
#2023=CARTESIAN_POINT('',(-36.9099999999997,-19.8799999999998,-0.8));
#2024=CARTESIAN_POINT('Origin',(-38.1599999999997,-19.8799999999998,-0.8));
#2025=CARTESIAN_POINT('Origin',(-38.1599999999997,-19.8799999999998,-1.4));
#2026=CARTESIAN_POINT('',(-36.0099999999997,-19.8799999999998,-2.));
#2027=CARTESIAN_POINT('Origin',(-38.1599999999997,-19.8799999999998,-2.));
#2028=CARTESIAN_POINT('',(-36.0099999999997,-19.8799999999998,-1.4));
#2029=CARTESIAN_POINT('Origin',(-38.1599999999997,-19.8799999999998,2.25));
#2030=CARTESIAN_POINT('',(-36.9099999999997,-19.8799999999998,3.9));
#2031=CARTESIAN_POINT('',(-36.9099999999997,-19.8799999999998,2.25));
#2032=CARTESIAN_POINT('Origin',(-38.1599999999997,-19.8799999999998,3.9));
#2033=CARTESIAN_POINT('Origin',(38.1600000000003,19.8800000000002,-0.8));
#2034=CARTESIAN_POINT('',(40.3100000000003,19.8800000000002,-0.8));
#2035=CARTESIAN_POINT('Origin',(38.1600000000003,19.8800000000002,-0.8));
#2036=CARTESIAN_POINT('',(39.4100000000003,19.8800000000002,-0.8));
#2037=CARTESIAN_POINT('Origin',(38.1600000000003,19.8800000000002,-0.8));
#2038=CARTESIAN_POINT('Origin',(38.1600000000003,19.8800000000002,-1.4));
#2039=CARTESIAN_POINT('',(40.3100000000003,19.8800000000002,-2.));
#2040=CARTESIAN_POINT('Origin',(38.1600000000003,19.8800000000002,-2.));
#2041=CARTESIAN_POINT('',(40.3100000000003,19.8800000000002,-1.4));
#2042=CARTESIAN_POINT('Origin',(38.1600000000003,19.8800000000002,2.25));
#2043=CARTESIAN_POINT('',(39.4100000000003,19.8800000000002,3.9));
#2044=CARTESIAN_POINT('',(39.4100000000003,19.8800000000002,2.25));
#2045=CARTESIAN_POINT('Origin',(38.1600000000003,19.8800000000002,3.9));
#2046=CARTESIAN_POINT('Origin',(38.1600000000003,-19.8799999999998,-0.8));
#2047=CARTESIAN_POINT('',(40.3100000000003,-19.8799999999998,-0.8));
#2048=CARTESIAN_POINT('Origin',(38.1600000000003,-19.8799999999998,-0.8));
#2049=CARTESIAN_POINT('',(39.4100000000003,-19.8799999999998,-0.8));
#2050=CARTESIAN_POINT('Origin',(38.1600000000003,-19.8799999999998,-0.8));
#2051=CARTESIAN_POINT('Origin',(38.1600000000003,-19.8799999999998,-1.4));
#2052=CARTESIAN_POINT('',(40.3100000000003,-19.8799999999998,-2.));
#2053=CARTESIAN_POINT('Origin',(38.1600000000003,-19.8799999999998,-2.));
#2054=CARTESIAN_POINT('',(40.3100000000003,-19.8799999999998,-1.4));
#2055=CARTESIAN_POINT('Origin',(38.1600000000003,-19.8799999999998,2.25));
#2056=CARTESIAN_POINT('',(39.4100000000003,-19.8799999999998,3.9));
#2057=CARTESIAN_POINT('',(39.4100000000003,-19.8799999999998,2.25));
#2058=CARTESIAN_POINT('Origin',(38.1600000000003,-19.8799999999998,3.9));
#2059=CARTESIAN_POINT('Origin',(-38.1599999999997,19.8800000000002,-0.8));
#2060=CARTESIAN_POINT('',(-36.0099999999997,19.8800000000002,-0.8));
#2061=CARTESIAN_POINT('Origin',(-38.1599999999997,19.8800000000002,-0.8));
#2062=CARTESIAN_POINT('',(-36.9099999999997,19.8800000000002,-0.8));
#2063=CARTESIAN_POINT('Origin',(-38.1599999999997,19.8800000000002,-0.8));
#2064=CARTESIAN_POINT('Origin',(-38.1599999999997,19.8800000000002,-1.4));
#2065=CARTESIAN_POINT('',(-36.0099999999997,19.8800000000002,-2.));
#2066=CARTESIAN_POINT('Origin',(-38.1599999999997,19.8800000000002,-2.));
#2067=CARTESIAN_POINT('',(-36.0099999999997,19.8800000000002,-1.4));
#2068=CARTESIAN_POINT('Origin',(-38.1599999999997,19.8800000000002,2.25));
#2069=CARTESIAN_POINT('',(-36.9099999999997,19.8800000000002,3.9));
#2070=CARTESIAN_POINT('',(-36.9099999999997,19.8800000000002,2.25));
#2071=CARTESIAN_POINT('Origin',(-38.1599999999997,19.8800000000002,3.9));
#2072=CARTESIAN_POINT('Origin',(4.99789064043646,23.2500000000002,0.));
#2073=CARTESIAN_POINT('',(4.99789064043646,23.2500000000002,0.));
#2074=CARTESIAN_POINT('',(4.99789064043646,31.2500000000002,0.));
#2075=CARTESIAN_POINT('',(4.99789064043646,12.6250000000002,0.));
#2076=CARTESIAN_POINT('',(4.99789064043646,23.2500000000002,-1.));
#2077=CARTESIAN_POINT('',(4.99789064043646,23.2500000000002,0.));
#2078=CARTESIAN_POINT('',(4.99789064043646,31.2500000000002,-1.));
#2079=CARTESIAN_POINT('',(4.99789064043646,31.2500000000002,-1.));
#2080=CARTESIAN_POINT('',(4.99789064043646,31.2500000000002,0.));
#2081=CARTESIAN_POINT('Origin',(10.9978906404365,23.2500000000002,0.));
#2082=CARTESIAN_POINT('',(10.9978906404365,23.2500000000002,0.));
#2083=CARTESIAN_POINT('',(5.49894532021839,23.2500000000002,0.));
#2084=CARTESIAN_POINT('',(10.9978906404365,23.2500000000002,-1.));
#2085=CARTESIAN_POINT('',(10.9978906404365,23.2500000000002,0.));
#2086=CARTESIAN_POINT('',(4.99789064043646,23.2500000000002,-1.));
#2087=CARTESIAN_POINT('Origin',(10.9978906404365,31.2500000000002,0.));
#2088=CARTESIAN_POINT('',(10.9978906404365,31.2500000000002,0.));
#2089=CARTESIAN_POINT('',(10.9978906404365,16.6250000000002,0.));
#2090=CARTESIAN_POINT('',(10.9978906404365,31.2500000000002,-1.));
#2091=CARTESIAN_POINT('',(10.9978906404365,31.2500000000002,0.));
#2092=CARTESIAN_POINT('',(10.9978906404365,23.2500000000002,-1.));
#2093=CARTESIAN_POINT('Origin',(7.99789064043646,27.2500000000002,-1.));
#2094=CARTESIAN_POINT('',(10.9978906404365,31.2500000000002,-1.));
#2095=CARTESIAN_POINT('Origin',(3.10862446895044E-13,2.00000000000017,0.));
#2096=CARTESIAN_POINT('',(-25.4999999999997,31.2500000000002,0.));
#2097=CARTESIAN_POINT('',(-20.2499999999997,31.2500000000002,0.));
#2098=CARTESIAN_POINT('',(-25.4999999999997,21.2500000000002,0.));
#2099=CARTESIAN_POINT('',(-25.4999999999997,11.6250000000002,0.));
#2100=CARTESIAN_POINT('',(-27.4999999999997,21.2500000000002,0.));
#2101=CARTESIAN_POINT('',(-13.7499999999997,21.2500000000002,0.));
#2102=CARTESIAN_POINT('',(-27.4999999999997,31.2500000000002,0.));
#2103=CARTESIAN_POINT('',(-27.4999999999997,16.6250000000002,0.));
#2104=CARTESIAN_POINT('',(-40.4999999999997,31.2500000000002,0.));
#2105=CARTESIAN_POINT('',(-20.2499999999997,31.2500000000002,0.));
#2106=CARTESIAN_POINT('',(-40.500000603497,24.0000000000002,0.));
#2107=CARTESIAN_POINT('',(-40.4999999999997,-12.6249999999998,0.));
#2108=CARTESIAN_POINT('',(-35.8199993965024,24.0000000000002,0.));
#2109=CARTESIAN_POINT('',(-17.909999698251,24.0000000000002,0.));
#2110=CARTESIAN_POINT('',(-35.8199993965024,15.7600000000002,0.));
#2111=CARTESIAN_POINT('',(-35.8199993965024,8.88000000000018,0.));
#2112=CARTESIAN_POINT('',(-40.500000603497,15.7600000000002,0.));
#2113=CARTESIAN_POINT('',(-20.2500003017484,15.7600000000002,0.));
#2114=CARTESIAN_POINT('',(-40.500000603497,-15.7599996423718,0.));
#2115=CARTESIAN_POINT('',(-40.4999999999997,-12.6249999999998,0.));
#2116=CARTESIAN_POINT('',(-35.8199993965023,-15.7599996423718,0.));
#2117=CARTESIAN_POINT('',(-17.909999698251,-15.7599996423718,0.));
#2118=CARTESIAN_POINT('',(-35.8199993965023,-24.0000003576279,0.));
#2119=CARTESIAN_POINT('',(-35.8199993965023,-11.0000001788138,0.));
#2120=CARTESIAN_POINT('',(-40.500000603497,-24.0000003576279,0.));
#2121=CARTESIAN_POINT('',(-20.2500003017484,-24.0000003576279,0.));
#2122=CARTESIAN_POINT('',(-40.4999999999997,-27.2499999999998,0.));
#2123=CARTESIAN_POINT('',(-40.4999999999997,-12.6249999999998,0.));
#2124=CARTESIAN_POINT('',(4.98039033725116,-27.2499999999998,0.));
#2125=CARTESIAN_POINT('',(20.2500000000003,-27.2499999999998,0.));
#2126=CARTESIAN_POINT('',(4.98039033725116,-22.2499999999998,0.));
#2127=CARTESIAN_POINT('',(4.98039033725116,-10.1249999999998,0.));
#2128=CARTESIAN_POINT('',(19.9803903372512,-22.2499999999998,0.));
#2129=CARTESIAN_POINT('',(9.99019516862574,-22.2499999999998,0.));
#2130=CARTESIAN_POINT('',(19.9803903372512,-27.2499999999998,0.));
#2131=CARTESIAN_POINT('',(19.9803903372512,-12.6249999999998,0.));
#2132=CARTESIAN_POINT('',(40.5000000000003,-27.2499999999998,0.));
#2133=CARTESIAN_POINT('',(20.2500000000003,-27.2499999999998,0.));
#2134=CARTESIAN_POINT('',(40.5000000000003,-23.9999999999998,0.));
#2135=CARTESIAN_POINT('',(40.5000000000003,16.6250000000002,0.));
#2136=CARTESIAN_POINT('',(35.8200000000003,-23.9999999999998,0.));
#2137=CARTESIAN_POINT('',(17.9100000000003,-23.9999999999998,0.));
#2138=CARTESIAN_POINT('',(35.8200000000003,-15.7599999999998,0.));
#2139=CARTESIAN_POINT('',(35.8200000000003,-6.87999999999982,0.));
#2140=CARTESIAN_POINT('',(40.5000000000003,-15.7599999999998,0.));
#2141=CARTESIAN_POINT('',(20.2500000000003,-15.7599999999998,0.));
#2142=CARTESIAN_POINT('',(40.500000603497,15.7599996423725,0.));
#2143=CARTESIAN_POINT('',(40.5000000000003,16.6250000000002,0.));
#2144=CARTESIAN_POINT('',(35.8199993965036,15.7599996423725,0.));
#2145=CARTESIAN_POINT('',(17.909999698252,15.7599996423725,0.));
#2146=CARTESIAN_POINT('',(35.8199993965036,24.0000003576279,0.));
#2147=CARTESIAN_POINT('',(35.8199993965036,13.000000178814,0.));
#2148=CARTESIAN_POINT('',(40.500000603497,24.0000003576279,0.));
#2149=CARTESIAN_POINT('',(20.2500003017487,24.0000003576279,0.));
#2150=CARTESIAN_POINT('',(40.5000000000003,31.2500000000002,0.));
#2151=CARTESIAN_POINT('',(40.5000000000003,16.6250000000002,0.));
#2152=CARTESIAN_POINT('',(-20.2499999999997,31.2500000000002,0.));
#2153=CARTESIAN_POINT('',(-6.99999999999844,27.2500000000002,0.));
#2154=CARTESIAN_POINT('',(-4.99999999999844,27.2500000000002,0.));
#2155=CARTESIAN_POINT('',(-2.49999999999906,27.2500000000002,0.));
#2156=CARTESIAN_POINT('',(-4.99999999999844,3.75000000000083,0.));
#2157=CARTESIAN_POINT('',(-4.99999999999844,2.8750000000005,0.));
#2158=CARTESIAN_POINT('',(-25.4999999999984,3.75000000000083,0.));
#2159=CARTESIAN_POINT('',(-12.7499999999991,3.75000000000083,0.));
#2160=CARTESIAN_POINT('',(-25.4999999999984,7.75000000000018,0.));
#2161=CARTESIAN_POINT('',(-25.4999999999984,4.87500000000018,0.));
#2162=CARTESIAN_POINT('',(-6.99999999999844,7.75000000000018,0.));
#2163=CARTESIAN_POINT('',(-3.49999999999906,7.75000000000018,0.));
#2164=CARTESIAN_POINT('',(-6.99999999999844,14.6250000000002,0.));
#2165=CARTESIAN_POINT('Origin',(-13.3500000521539,31.2500000000002,0.4));
#2166=CARTESIAN_POINT('',(-13.3500000521539,31.2500000000002,0.4));
#2167=CARTESIAN_POINT('',(-19.1500000521539,31.2500000000002,0.399999999999999));
#2168=CARTESIAN_POINT('',(-26.9250000260768,31.2500000000002,0.399999999999998));
#2169=CARTESIAN_POINT('',(-13.3500000521539,33.7500000000002,0.4));
#2170=CARTESIAN_POINT('',(-13.3500000521539,31.2500000000002,0.4));
#2171=CARTESIAN_POINT('',(-19.1500000521539,33.7500000000002,0.399999999999999));
#2172=CARTESIAN_POINT('',(-28.1750000260768,33.7500000000002,0.399999999999998));
#2173=CARTESIAN_POINT('',(-19.1500000521539,31.2500000000002,0.399999999999999));
#2174=CARTESIAN_POINT('Origin',(-13.3500000521539,31.2500000000002,2.2));
#2175=CARTESIAN_POINT('',(-13.3500000521539,31.2500000000002,4.));
#2176=CARTESIAN_POINT('Origin',(-13.3500000521539,31.2500000000002,2.2));
#2177=CARTESIAN_POINT('',(-13.3500000521539,33.7500000000002,4.));
#2178=CARTESIAN_POINT('',(-13.3500000521539,31.2500000000002,4.));
#2179=CARTESIAN_POINT('Origin',(-13.3500000521539,33.7500000000002,2.2));
#2180=CARTESIAN_POINT('Origin',(-19.1500000521539,31.2500000000002,4.));
#2181=CARTESIAN_POINT('',(-19.1500000521539,31.2500000000002,4.));
#2182=CARTESIAN_POINT('',(-29.8250000260768,31.2500000000002,4.));
#2183=CARTESIAN_POINT('',(-19.1500000521539,33.7500000000002,4.));
#2184=CARTESIAN_POINT('',(-19.1500000521539,31.2500000000002,4.));
#2185=CARTESIAN_POINT('',(-31.0750000260768,33.7500000000002,4.));
#2186=CARTESIAN_POINT('Origin',(-19.1500000521539,31.2500000000002,2.2));
#2187=CARTESIAN_POINT('Origin',(-19.1500000521539,31.2500000000002,2.2));
#2188=CARTESIAN_POINT('Origin',(-19.1500000521539,33.7500000000002,2.2));
#2189=CARTESIAN_POINT('Origin',(7.99789064043646,31.2500000000002,2.));
#2190=CARTESIAN_POINT('',(6.12289064043646,31.2500000000002,2.));
#2191=CARTESIAN_POINT('Origin',(7.99789064043646,31.2500000000002,2.));
#2192=CARTESIAN_POINT('',(6.12289064043646,33.7500000000002,2.));
#2193=CARTESIAN_POINT('',(6.12289064043646,31.2500000000002,2.));
#2194=CARTESIAN_POINT('Origin',(7.99789064043646,33.7500000000002,2.));
#2195=CARTESIAN_POINT('Origin',(-40.4999999999997,-27.2499999999998,0.));
#2196=CARTESIAN_POINT('',(-40.500000603497,15.7600000000002,3.9));
#2197=CARTESIAN_POINT('',(-40.500000603497,15.7600000000002,0.));
#2198=CARTESIAN_POINT('',(-40.500000603497,24.0000000000002,3.9));
#2199=CARTESIAN_POINT('',(-40.500000603497,24.0000000000002,3.9));
#2200=CARTESIAN_POINT('',(-40.500000603497,24.0000000000002,0.));
#2201=CARTESIAN_POINT('',(-40.4999999999997,31.2500000000002,5.2));
#2202=CARTESIAN_POINT('',(-40.4999999999997,31.2500000000002,0.));
#2203=CARTESIAN_POINT('',(-40.4999999999997,-27.2499999999998,5.2));
#2204=CARTESIAN_POINT('',(-40.4999999999997,31.2500000000002,5.2));
#2205=CARTESIAN_POINT('',(-40.4999999999997,-27.2499999999998,0.));
#2206=CARTESIAN_POINT('',(-40.500000603497,-24.0000003576279,3.9));
#2207=CARTESIAN_POINT('',(-40.500000603497,-24.0000003576279,0.));
#2208=CARTESIAN_POINT('',(-40.500000603497,-15.7599996423718,3.9));
#2209=CARTESIAN_POINT('',(-40.500000603497,-15.7599996423718,3.9));
#2210=CARTESIAN_POINT('',(-40.500000603497,-15.7599996423718,0.));
#2211=CARTESIAN_POINT('Origin',(-40.4999999999997,31.2500000000002,0.));
#2212=CARTESIAN_POINT('',(-27.4999999999997,31.2500000000002,3.9));
#2213=CARTESIAN_POINT('',(-27.4999999999997,31.2500000000002,0.));
#2214=CARTESIAN_POINT('',(-25.4999999999997,31.2500000000002,3.9));
#2215=CARTESIAN_POINT('',(-25.4999999999997,31.2500000000002,3.9));
#2216=CARTESIAN_POINT('',(-25.4999999999997,31.2500000000002,0.));
#2217=CARTESIAN_POINT('',(40.5000000000003,31.2500000000002,5.2));
#2218=CARTESIAN_POINT('',(40.5000000000003,31.2500000000002,0.));
#2219=CARTESIAN_POINT('',(40.5000000000003,31.2500000000002,5.2));
#2220=CARTESIAN_POINT('Origin',(40.5000000000003,31.2500000000002,0.));
#2221=CARTESIAN_POINT('',(40.500000603497,24.0000003576279,3.9));
#2222=CARTESIAN_POINT('',(40.500000603497,24.0000003576279,0.));
#2223=CARTESIAN_POINT('',(40.500000603497,15.7599996423725,3.9));
#2224=CARTESIAN_POINT('',(40.500000603497,15.7599996423725,3.9));
#2225=CARTESIAN_POINT('',(40.500000603497,15.7599996423725,0.));
#2226=CARTESIAN_POINT('',(40.5000000000003,-15.7599999999998,3.9));
#2227=CARTESIAN_POINT('',(40.5000000000003,-15.7599999999998,0.));
#2228=CARTESIAN_POINT('',(40.5000000000003,-23.9999999999998,3.9));
#2229=CARTESIAN_POINT('',(40.5000000000003,-23.9999999999998,3.9));
#2230=CARTESIAN_POINT('',(40.5000000000003,-23.9999999999998,0.));
#2231=CARTESIAN_POINT('',(40.5000000000003,-27.2499999999998,5.2));
#2232=CARTESIAN_POINT('',(40.5000000000003,-27.2499999999998,0.));
#2233=CARTESIAN_POINT('',(40.5000000000003,27.2500000000002,5.2));
#2234=CARTESIAN_POINT('Origin',(40.5000000000003,-27.2499999999998,0.));
#2235=CARTESIAN_POINT('',(4.98039033725116,-27.2499999999998,3.9));
#2236=CARTESIAN_POINT('',(4.98039033725116,-27.2499999999998,0.));
#2237=CARTESIAN_POINT('',(40.5000000000003,-27.2499999999998,5.2));
#2238=CARTESIAN_POINT('',(19.9803903372512,-27.2499999999998,3.9));
#2239=CARTESIAN_POINT('',(19.9803903372512,-27.2499999999998,0.));
#2240=CARTESIAN_POINT('',(4.98039033725116,-27.2499999999998,3.9));
#2241=CARTESIAN_POINT('Origin',(3.10862446895044E-13,2.00000000000017,5.2));
#2242=CARTESIAN_POINT('',(43.0000000000003,-29.7499999999998,5.2));
#2243=CARTESIAN_POINT('',(43.0000000000003,33.7500000000002,5.2));
#2244=CARTESIAN_POINT('',(43.0000000000003,27.2500000000002,5.2));
#2245=CARTESIAN_POINT('',(-42.9999999999997,33.7500000000002,5.2));
#2246=CARTESIAN_POINT('',(43.0000000000003,33.7500000000002,5.2));
#2247=CARTESIAN_POINT('',(-42.9999999999997,-29.7499999999998,5.2));
#2248=CARTESIAN_POINT('',(-42.9999999999997,33.7500000000002,5.2));
#2249=CARTESIAN_POINT('',(43.0000000000003,-29.7499999999998,5.2));
#2250=CARTESIAN_POINT('Origin',(-27.4999999999997,21.2500000000002,0.));
#2251=CARTESIAN_POINT('',(-25.4999999999997,21.2500000000002,3.9));
#2252=CARTESIAN_POINT('',(-25.4999999999997,21.2500000000002,0.));
#2253=CARTESIAN_POINT('',(-27.4999999999997,21.2500000000002,3.9));
#2254=CARTESIAN_POINT('',(-27.4999999999997,21.2500000000002,3.9));
#2255=CARTESIAN_POINT('',(-27.4999999999997,21.2500000000002,0.));
#2256=CARTESIAN_POINT('Origin',(-27.4999999999997,31.2500000000002,0.));
#2257=CARTESIAN_POINT('',(-27.4999999999997,31.2500000000002,3.9));
#2258=CARTESIAN_POINT('Origin',(-25.4999999999997,21.2500000000002,0.));
#2259=CARTESIAN_POINT('',(-25.4999999999997,21.2500000000002,3.9));
#2260=CARTESIAN_POINT('Origin',(-26.4999999999997,26.2500000000002,3.9));
#2261=CARTESIAN_POINT('Origin',(35.8199993965036,15.7599996423725,0.));
#2262=CARTESIAN_POINT('',(35.8199993965036,15.7599996423725,3.9));
#2263=CARTESIAN_POINT('',(35.8199993965036,15.7599996423725,3.9));
#2264=CARTESIAN_POINT('',(35.8199993965036,15.7599996423725,0.));
#2265=CARTESIAN_POINT('Origin',(35.8199993965036,24.0000003576279,0.));
#2266=CARTESIAN_POINT('',(35.8199993965036,24.0000003576279,3.9));
#2267=CARTESIAN_POINT('',(35.8199993965036,24.0000003576279,3.9));
#2268=CARTESIAN_POINT('',(35.8199993965036,24.0000003576279,0.));
#2269=CARTESIAN_POINT('Origin',(40.500000603497,24.0000003576279,0.));
#2270=CARTESIAN_POINT('',(40.500000603497,24.0000003576279,3.9));
#2271=CARTESIAN_POINT('Origin',(38.1600000000003,19.8800000000002,3.9));
#2272=CARTESIAN_POINT('Origin',(-35.8199993965023,-15.7599996423718,0.));
#2273=CARTESIAN_POINT('',(-35.8199993965023,-15.7599996423718,3.9));
#2274=CARTESIAN_POINT('',(-35.8199993965023,-15.7599996423718,3.9));
#2275=CARTESIAN_POINT('',(-35.8199993965023,-15.7599996423718,0.));
#2276=CARTESIAN_POINT('Origin',(-35.8199993965023,-24.0000003576279,0.));
#2277=CARTESIAN_POINT('',(-35.8199993965023,-24.0000003576279,3.9));
#2278=CARTESIAN_POINT('',(-35.8199993965023,-24.0000003576279,3.9));
#2279=CARTESIAN_POINT('',(-35.8199993965023,-24.0000003576279,0.));
#2280=CARTESIAN_POINT('Origin',(-40.500000603497,-24.0000003576279,0.));
#2281=CARTESIAN_POINT('',(-40.500000603497,-24.0000003576279,3.9));
#2282=CARTESIAN_POINT('Origin',(-38.1599999999997,-19.8799999999998,3.9));
#2283=CARTESIAN_POINT('Origin',(-4.99999999999844,27.2500000000002,0.));
#2284=CARTESIAN_POINT('',(-6.99999999999844,27.2500000000002,3.9));
#2285=CARTESIAN_POINT('',(-6.99999999999844,27.2500000000002,0.));
#2286=CARTESIAN_POINT('',(-4.99999999999844,27.2500000000002,3.9));
#2287=CARTESIAN_POINT('',(-4.99999999999844,27.2500000000002,3.9));
#2288=CARTESIAN_POINT('',(-4.99999999999844,27.2500000000002,0.));
#2289=CARTESIAN_POINT('Origin',(-4.99999999999844,3.75000000000083,0.));
#2290=CARTESIAN_POINT('',(-4.99999999999844,3.75000000000083,3.9));
#2291=CARTESIAN_POINT('',(-4.99999999999844,3.75000000000083,3.9));
#2292=CARTESIAN_POINT('',(-4.99999999999844,3.75000000000083,0.));
#2293=CARTESIAN_POINT('Origin',(-25.4999999999984,3.75000000000083,0.));
#2294=CARTESIAN_POINT('',(-25.4999999999984,3.75000000000083,3.9));
#2295=CARTESIAN_POINT('',(-25.4999999999984,3.75000000000083,3.9));
#2296=CARTESIAN_POINT('',(-25.4999999999984,3.75000000000083,0.));
#2297=CARTESIAN_POINT('Origin',(-25.4999999999984,7.75000000000018,0.));
#2298=CARTESIAN_POINT('',(-25.4999999999984,7.75000000000018,3.9));
#2299=CARTESIAN_POINT('',(-25.4999999999984,7.75000000000018,3.9));
#2300=CARTESIAN_POINT('',(-25.4999999999984,7.75000000000018,0.));
#2301=CARTESIAN_POINT('Origin',(-6.99999999999844,7.75000000000018,0.));
#2302=CARTESIAN_POINT('',(-6.99999999999844,7.75000000000018,3.9));
#2303=CARTESIAN_POINT('',(-6.99999999999844,7.75000000000018,3.9));
#2304=CARTESIAN_POINT('',(-6.99999999999844,7.75000000000018,0.));
#2305=CARTESIAN_POINT('Origin',(-6.99999999999844,27.2500000000002,0.));
#2306=CARTESIAN_POINT('',(-6.99999999999844,27.2500000000002,3.9));
#2307=CARTESIAN_POINT('Origin',(-15.2499999999984,15.5000000000005,3.9));
#2308=CARTESIAN_POINT('Origin',(35.8200000000003,-23.9999999999998,0.));
#2309=CARTESIAN_POINT('',(35.8200000000003,-23.9999999999998,3.9));
#2310=CARTESIAN_POINT('',(35.8200000000003,-23.9999999999998,3.9));
#2311=CARTESIAN_POINT('',(35.8200000000003,-23.9999999999998,0.));
#2312=CARTESIAN_POINT('Origin',(35.8200000000003,-15.7599999999998,0.));
#2313=CARTESIAN_POINT('',(35.8200000000003,-15.7599999999998,3.9));
#2314=CARTESIAN_POINT('',(35.8200000000003,-15.7599999999998,3.9));
#2315=CARTESIAN_POINT('',(35.8200000000003,-15.7599999999998,0.));
#2316=CARTESIAN_POINT('Origin',(40.5000000000003,-15.7599999999998,0.));
#2317=CARTESIAN_POINT('',(40.5000000000003,-15.7599999999998,3.9));
#2318=CARTESIAN_POINT('Origin',(38.1600000000003,-19.8799999999998,3.9));
#2319=CARTESIAN_POINT('Origin',(-35.8199993965024,24.0000000000002,0.));
#2320=CARTESIAN_POINT('',(-35.8199993965024,24.0000000000002,3.9));
#2321=CARTESIAN_POINT('',(-35.8199993965024,24.0000000000002,3.9));
#2322=CARTESIAN_POINT('',(-35.8199993965024,24.0000000000002,0.));
#2323=CARTESIAN_POINT('Origin',(-35.8199993965024,15.7600000000002,0.));
#2324=CARTESIAN_POINT('',(-35.8199993965024,15.7600000000002,3.9));
#2325=CARTESIAN_POINT('',(-35.8199993965024,15.7600000000002,3.9));
#2326=CARTESIAN_POINT('',(-35.8199993965024,15.7600000000002,0.));
#2327=CARTESIAN_POINT('Origin',(-40.500000603497,15.7600000000002,0.));
#2328=CARTESIAN_POINT('',(-40.500000603497,15.7600000000002,3.9));
#2329=CARTESIAN_POINT('Origin',(-38.1599999999997,19.8800000000002,3.9));
#2330=CARTESIAN_POINT('Origin',(19.9803903372512,-22.2499999999998,0.));
#2331=CARTESIAN_POINT('',(4.98039033725116,-22.2499999999998,3.9));
#2332=CARTESIAN_POINT('',(4.98039033725116,-22.2499999999998,0.));
#2333=CARTESIAN_POINT('',(19.9803903372512,-22.2499999999998,3.9));
#2334=CARTESIAN_POINT('',(19.9803903372512,-22.2499999999998,3.9));
#2335=CARTESIAN_POINT('',(19.9803903372512,-22.2499999999998,0.));
#2336=CARTESIAN_POINT('Origin',(19.9803903372512,-27.2499999999998,0.));
#2337=CARTESIAN_POINT('',(19.9803903372512,-27.2499999999998,3.9));
#2338=CARTESIAN_POINT('Origin',(4.98039033725116,-22.2499999999998,0.));
#2339=CARTESIAN_POINT('',(4.98039033725116,-22.2499999999998,3.9));
#2340=CARTESIAN_POINT('Origin',(12.4803903372512,-24.7499999999998,3.9));
#2341=CARTESIAN_POINT('Origin',(-42.9999999999997,33.7500000000002,0.));
#2342=CARTESIAN_POINT('',(43.0000000000003,33.7500000000002,-2.));
#2343=CARTESIAN_POINT('',(43.0000000000003,33.7500000000002,0.));
#2344=CARTESIAN_POINT('',(-42.9999999999997,33.7500000000002,-2.));
#2345=CARTESIAN_POINT('',(43.0000000000003,33.7500000000002,-2.));
#2346=CARTESIAN_POINT('',(-42.9999999999997,33.7500000000002,0.));
#2347=CARTESIAN_POINT('Origin',(-42.9999999999997,-29.7499999999998,0.));
#2348=CARTESIAN_POINT('',(-42.9999999999997,-29.7499999999998,-2.));
#2349=CARTESIAN_POINT('',(-42.9999999999997,33.7500000000002,-2.));
#2350=CARTESIAN_POINT('',(-42.9999999999997,-29.7499999999998,0.));
#2351=CARTESIAN_POINT('Origin',(43.0000000000003,-29.7499999999998,0.));
#2352=CARTESIAN_POINT('',(43.0000000000003,-29.7499999999998,-2.));
#2353=CARTESIAN_POINT('',(43.0000000000003,-29.7499999999998,-2.));
#2354=CARTESIAN_POINT('',(43.0000000000003,-29.7499999999998,0.));
#2355=CARTESIAN_POINT('Origin',(43.0000000000003,33.7500000000002,0.));
#2356=CARTESIAN_POINT('',(43.0000000000003,27.2500000000002,-2.));
#2357=CARTESIAN_POINT('Origin',(3.10862446895044E-13,2.00000000000017,-2.));
#2358=CARTESIAN_POINT('Origin',(-38.1599999999997,-19.8799999999998,2.25));
#2359=CARTESIAN_POINT('',(-36.9099999999997,-19.8799999999998,5.2));
#2360=CARTESIAN_POINT('Origin',(-38.1599999999997,-19.8799999999998,5.2));
#2361=CARTESIAN_POINT('',(-36.9099999999997,-19.8799999999998,6.5));
#2362=CARTESIAN_POINT('',(-36.9099999999997,-19.8799999999998,2.25));
#2363=CARTESIAN_POINT('Origin',(-38.1599999999997,-19.8799999999998,6.5));
#2364=CARTESIAN_POINT('Origin',(-38.1599999999997,-19.8799999999998,6.5));
#2365=CARTESIAN_POINT('Origin',(38.1600000000003,19.8800000000002,2.25));
#2366=CARTESIAN_POINT('',(39.4100000000003,19.8800000000002,5.2));
#2367=CARTESIAN_POINT('Origin',(38.1600000000003,19.8800000000002,5.2));
#2368=CARTESIAN_POINT('',(39.4100000000003,19.8800000000002,6.5));
#2369=CARTESIAN_POINT('',(39.4100000000003,19.8800000000002,2.25));
#2370=CARTESIAN_POINT('Origin',(38.1600000000003,19.8800000000002,6.5));
#2371=CARTESIAN_POINT('Origin',(38.1600000000003,19.8800000000002,6.5));
#2372=CARTESIAN_POINT('Origin',(38.1600000000003,-19.8799999999998,2.25));
#2373=CARTESIAN_POINT('',(39.4100000000003,-19.8799999999998,5.2));
#2374=CARTESIAN_POINT('Origin',(38.1600000000003,-19.8799999999998,5.2));
#2375=CARTESIAN_POINT('',(39.4100000000003,-19.8799999999998,6.5));
#2376=CARTESIAN_POINT('',(39.4100000000003,-19.8799999999998,2.25));
#2377=CARTESIAN_POINT('Origin',(38.1600000000003,-19.8799999999998,6.5));
#2378=CARTESIAN_POINT('Origin',(38.1600000000003,-19.8799999999998,6.5));
#2379=CARTESIAN_POINT('Origin',(-38.1599999999997,19.8800000000002,2.25));
#2380=CARTESIAN_POINT('',(-36.9099999999997,19.8800000000002,5.2));
#2381=CARTESIAN_POINT('Origin',(-38.1599999999997,19.8800000000002,5.2));
#2382=CARTESIAN_POINT('',(-36.9099999999997,19.8800000000002,6.5));
#2383=CARTESIAN_POINT('',(-36.9099999999997,19.8800000000002,2.25));
#2384=CARTESIAN_POINT('Origin',(-38.1599999999997,19.8800000000002,6.5));
#2385=CARTESIAN_POINT('Origin',(-38.1599999999997,19.8800000000002,6.5));
#2386=CARTESIAN_POINT('Origin',(-35.4,-25.8,7.9));
#2387=CARTESIAN_POINT('',(-35.4,-25.8,7.9));
#2388=CARTESIAN_POINT('',(-35.4,25.8,7.9));
#2389=CARTESIAN_POINT('',(-35.4,-11.8999999999999,7.9));
#2390=CARTESIAN_POINT('',(-35.4,-25.8,5.2));
#2391=CARTESIAN_POINT('',(-35.4,-25.8,7.9));
#2392=CARTESIAN_POINT('',(-35.4,25.8,5.2));
#2393=CARTESIAN_POINT('',(-35.4,-11.8999999999999,5.2));
#2394=CARTESIAN_POINT('',(-35.4,25.8,7.9));
#2395=CARTESIAN_POINT('Origin',(35.4,-25.8,7.9));
#2396=CARTESIAN_POINT('',(35.4,-25.8,7.9));
#2397=CARTESIAN_POINT('',(17.7000000000002,-25.8,7.9));
#2398=CARTESIAN_POINT('',(35.4,-25.8,5.2));
#2399=CARTESIAN_POINT('',(35.4,-25.8,7.9));
#2400=CARTESIAN_POINT('',(17.7000000000002,-25.8,5.2));
#2401=CARTESIAN_POINT('Origin',(35.4,25.8,7.9));
#2402=CARTESIAN_POINT('',(35.4,25.8,7.9));
#2403=CARTESIAN_POINT('',(35.4,13.9000000000001,7.9));
#2404=CARTESIAN_POINT('',(35.4,25.8,5.2));
#2405=CARTESIAN_POINT('',(35.4,25.8,7.9));
#2406=CARTESIAN_POINT('',(35.4,13.9000000000001,5.2));
#2407=CARTESIAN_POINT('Origin',(-35.4,25.8,7.9));
#2408=CARTESIAN_POINT('',(-17.6999999999999,25.8,7.9));
#2409=CARTESIAN_POINT('',(-17.6999999999999,25.8,5.2));
#2410=CARTESIAN_POINT('Origin',(-42.9999999999997,33.7500000000002,5.2));
#2411=CARTESIAN_POINT('',(-42.9999999999997,-29.7499999999998,5.2));
#2412=CARTESIAN_POINT('',(-42.9999999999997,33.7500000000002,5.2));
#2413=CARTESIAN_POINT('',(-42.9999999999997,-29.7499999999998,5.2));
#2414=CARTESIAN_POINT('',(-42.9999999999997,-29.7499999999998,7.9));
#2415=CARTESIAN_POINT('',(-42.9999999999997,-29.7499999999998,5.2));
#2416=CARTESIAN_POINT('',(-42.9999999999997,33.7500000000002,7.9));
#2417=CARTESIAN_POINT('',(-42.9999999999997,-29.7499999999998,7.9));
#2418=CARTESIAN_POINT('',(-42.9999999999997,33.7500000000002,5.2));
#2419=CARTESIAN_POINT('Origin',(43.0000000000003,33.7500000000002,5.2));
#2420=CARTESIAN_POINT('',(43.0000000000003,33.7500000000002,5.2));
#2421=CARTESIAN_POINT('',(-42.9999999999997,33.7500000000002,5.2));
#2422=CARTESIAN_POINT('',(43.0000000000003,33.7500000000002,7.9));
#2423=CARTESIAN_POINT('',(-42.9999999999997,33.7500000000002,7.9));
#2424=CARTESIAN_POINT('',(43.0000000000003,33.7500000000002,5.2));
#2425=CARTESIAN_POINT('Origin',(43.0000000000003,-29.7499999999998,5.2));
#2426=CARTESIAN_POINT('',(43.0000000000003,-29.7499999999998,5.2));
#2427=CARTESIAN_POINT('',(43.0000000000003,33.7500000000002,5.2));
#2428=CARTESIAN_POINT('',(43.0000000000003,-29.7499999999998,7.9));
#2429=CARTESIAN_POINT('',(43.0000000000003,33.7500000000002,7.9));
#2430=CARTESIAN_POINT('',(43.0000000000003,-29.7499999999998,5.2));
#2431=CARTESIAN_POINT('Origin',(-42.9999999999997,-29.7499999999998,5.2));
#2432=CARTESIAN_POINT('',(43.0000000000003,-29.7499999999998,5.2));
#2433=CARTESIAN_POINT('',(43.0000000000003,-29.7499999999998,7.9));
#2434=CARTESIAN_POINT('Origin',(3.01980662698043E-13,2.00000000000018,7.9));
#2435=CARTESIAN_POINT('Origin',(3.01980662698043E-13,2.00000000000018,5.2));
#2436=UNCERTAINTY_MEASURE_WITH_UNIT(LENGTH_MEASURE(0.01),#2440,
'DISTANCE_ACCURACY_VALUE',
'Maximum model space distance between geometric entities at asserted c
onnectivities');
#2437=UNCERTAINTY_MEASURE_WITH_UNIT(LENGTH_MEASURE(0.01),#2440,
'DISTANCE_ACCURACY_VALUE',
'Maximum model space distance between geometric entities at asserted c
onnectivities');
#2438=(
GEOMETRIC_REPRESENTATION_CONTEXT(3)
GLOBAL_UNCERTAINTY_ASSIGNED_CONTEXT((#2436))
GLOBAL_UNIT_ASSIGNED_CONTEXT((#2440,#2442,#2443))
REPRESENTATION_CONTEXT('','3D')
);
#2439=(
GEOMETRIC_REPRESENTATION_CONTEXT(3)
GLOBAL_UNCERTAINTY_ASSIGNED_CONTEXT((#2437))
GLOBAL_UNIT_ASSIGNED_CONTEXT((#2440,#2442,#2443))
REPRESENTATION_CONTEXT('','3D')
);
#2440=(
LENGTH_UNIT()
NAMED_UNIT(*)
SI_UNIT(.MILLI.,.METRE.)
);
#2441=(
LENGTH_UNIT()
NAMED_UNIT(*)
SI_UNIT($,.METRE.)
);
#2442=(
NAMED_UNIT(*)
PLANE_ANGLE_UNIT()
SI_UNIT($,.RADIAN.)
);
#2443=(
NAMED_UNIT(*)
SI_UNIT($,.STERADIAN.)
SOLID_ANGLE_UNIT()
);
#2444=SHAPE_DEFINITION_REPRESENTATION(#2445,#2446);
#2445=PRODUCT_DEFINITION_SHAPE('',$,#2448);
#2446=SHAPE_REPRESENTATION('',(#1512),#2438);
#2447=PRODUCT_DEFINITION_CONTEXT('part definition',#2452,'design');
#2448=PRODUCT_DEFINITION('2026-09-05-10-40-58-027','tty-buddy',#2449,#2447);
#2449=PRODUCT_DEFINITION_FORMATION('',$,#2454);
#2450=PRODUCT_RELATED_PRODUCT_CATEGORY('tty-buddy','tty-buddy',(#2454));
#2451=APPLICATION_PROTOCOL_DEFINITION('international standard',
'automotive_design',2009,#2452);
#2452=APPLICATION_CONTEXT(
'Core Data for Automotive Mechanical Design Process');
#2453=PRODUCT_CONTEXT('part definition',#2452,'mechanical');
#2454=PRODUCT('2026-09-05-10-40-58-027','tty-buddy',$,(#2453));
#2455=PRESENTATION_STYLE_ASSIGNMENT((#2456));
#2456=SURFACE_STYLE_USAGE(.BOTH.,#2457);
#2457=SURFACE_SIDE_STYLE('',(#2458));
#2458=SURFACE_STYLE_FILL_AREA(#2459);
#2459=FILL_AREA_STYLE('Steel - Satin',(#2460));
#2460=FILL_AREA_STYLE_COLOUR('Steel - Satin',#2461);
#2461=COLOUR_RGB('Steel - Satin',0.627450980392157,0.627450980392157,0.627450980392157);
ENDSEC;
END-ISO-10303-21;
